path,title_len,meta_len,h1_count,h2_count,h3_count,word_count,canonical,canonical_ok,canonical_abs,robots,is_noindex,has_og_image,og_image_abs,img_count,img_missing_wh,img_missing_alt,amazon_img_count,amazon_missing_wh,img_lazy,img_non_lazy,blog_out_links,app_links,external_links,indegree,click_depth,in_sitemap,broken_blog_links,weak_anchor_count,anchor_count,cta_anchor_count,has_blogposting,has_breadcrumb_schema,has_preconnect
/blog/agujetas-despues-de-correr,53,136,1,11,13,1980,https://www.correrjuntos.com/blog/agujetas-despues-de-correr,1,1,"index, follow",0,1,1,3,0,1,0,0,1,2,14,5,7,5,1,0,,2,43,2,1,1,1
/blog/alimentos-antiinflamatorios-runners,64,147,1,12,45,6152,https://www.correrjuntos.com/blog/alimentos-antiinflamatorios-runners,1,1,"index, follow",0,1,1,3,0,1,0,0,1,2,16,5,23,2,1,1,,5,64,2,1,1,1
/blog/andar-vs-correr,59,142,1,14,7,2606,https://www.correrjuntos.com/blog/andar-vs-correr,1,1,"index, follow",0,1,1,3,0,1,0,0,1,2,14,5,18,6,1,0,,4,59,2,1,1,1
/blog/apple-watch-running-review,58,139,1,15,33,5899,https://www.correrjuntos.com/blog/apple-watch-running-review,1,1,"index, follow",0,1,1,6,0,1,3,0,4,2,16,5,26,3,1,1,,4,68,2,1,1,1
/blog/apps-correr-en-grupo,48,147,1,19,20,2821,https://www.correrjuntos.com/blog/apps-correr-en-grupo,1,1,"index, follow",0,1,1,3,0,1,0,0,1,2,19,5,25,13,1,0,,5,76,2,1,1,1
/blog/asics-gel-nimbus-26-vs-nike-pegasus-41,59,132,1,12,10,1759,https://www.correrjuntos.com/blog/asics-gel-nimbus-26-vs-nike-pegasus-41,1,1,"index, follow",0,1,1,3,0,1,0,0,1,2,7,5,22,2,1,1,,3,54,2,1,1,1
/blog/auriculares-conduccion-osea-vs-in-ear-running,52,151,1,12,25,4435,https://www.correrjuntos.com/blog/auriculares-conduccion-osea-vs-in-ear-running,1,1,"index, follow",0,1,1,9,0,1,6,0,7,2,10,5,30,25,1,1,,4,65,2,1,1,1
/blog/auriculares-running-natacion,58,153,1,18,31,6216,https://www.correrjuntos.com/blog/auriculares-running-natacion,1,1,"index, follow",0,1,1,9,0,1,6,0,7,2,12,5,37,2,1,1,,3,79,2,1,1,1
/blog/ayuno-intermitente-running,54,150,1,13,29,4574,https://www.correrjuntos.com/blog/ayuno-intermitente-running,1,1,"index, follow",0,1,1,3,0,1,0,0,1,2,17,5,17,2,1,1,,4,58,2,1,1,1
/blog/bastones-trail-running,54,159,1,11,13,1290,https://www.correrjuntos.com/blog/bastones-trail-running,1,1,"index, follow",0,1,1,3,0,1,0,0,1,2,14,5,6,16,1,0,/blog/mejores-zapatillas-trail,3,49,2,1,1,1
/blog/beneficios-correr-en-grupo,55,148,1,8,7,1327,https://www.correrjuntos.com/blog/beneficios-correr-en-grupo,1,1,"index, follow",0,1,1,3,0,1,0,0,1,2,21,5,11,62,1,1,,3,52,4,1,1,1
/blog/beneficios-de-correr,64,154,1,10,25,2301,https://www.correrjuntos.com/blog/beneficios-de-correr,1,1,"index, follow",0,1,1,3,0,1,0,0,1,2,10,5,16,23,1,1,/blog/empezar-a-correr-desde-cero | /blog/nutricion-antes-de-correr,5,54,2,1,1,1
/blog/bidones-running,65,158,1,5,9,1798,https://www.correrjuntos.com/blog/bidones-running,1,1,"index, follow",0,1,1,11,0,1,8,0,9,2,4,5,30,2,1,0,,4,51,2,1,1,1
/blog/cafeina-running-rendimiento,58,151,1,14,38,5475,https://www.correrjuntos.com/blog/cafeina-running-rendimiento,1,1,"index, follow",0,1,1,3,0,1,0,0,1,2,14,5,22,2,1,1,,4,63,2,1,1,1
/blog/calambres-al-correr,52,144,1,11,25,2730,https://www.correrjuntos.com/blog/calambres-al-correr,1,1,"index, follow",0,1,1,3,0,1,0,0,1,2,13,4,13,2,1,0,,3,48,1,1,1,1
/blog/calcetines-running,57,152,1,18,41,6788,https://www.correrjuntos.com/blog/calcetines-running,1,1,"index, follow",0,1,1,10,0,1,7,0,8,2,8,5,33,4,1,1,,3,68,2,1,1,1
/blog/carga-hidratos-maraton,62,144,1,14,26,4972,https://www.correrjuntos.com/blog/carga-hidratos-maraton,1,1,"index, follow",0,1,1,3,0,1,0,0,1,2,17,5,20,9,1,1,,4,62,2,1,1,1
/blog/carreras-trail-principiantes,61,154,1,20,39,7205,https://www.correrjuntos.com/blog/carreras-trail-principiantes,1,1,"index, follow",0,1,1,3,0,1,0,0,1,2,16,5,16,5,1,1,,3,66,2,1,1,1
/blog/chalecos-hidratacion-running,55,160,1,13,32,5817,https://www.correrjuntos.com/blog/chalecos-hidratacion-running,1,1,"index, follow",0,1,1,8,0,1,5,0,6,2,9,5,30,20,1,1,,5,84,2,1,1,1
/blog/chubasqueros-running,62,141,1,17,34,5791,https://www.correrjuntos.com/blog/chubasqueros-running,1,1,"index, follow",0,1,1,10,0,1,7,0,8,2,11,5,32,3,1,1,,3,68,2,1,1,1
/blog/cinturones-running,60,151,1,17,41,6667,https://www.correrjuntos.com/blog/cinturones-running,1,1,"index, follow",0,1,1,10,0,1,7,0,8,2,12,5,31,3,1,1,,3,69,2,1,1,1
/blog/como-aumentar-resistencia-corriendo,55,143,1,10,24,2258,https://www.correrjuntos.com/blog/como-aumentar-resistencia-corriendo,1,1,"index, follow",0,1,1,3,0,1,0,0,1,2,14,4,11,11,1,0,,3,47,1,1,1,1
/blog/como-calentar-antes-de-correr,63,149,1,10,23,2287,https://www.correrjuntos.com/blog/como-calentar-antes-de-correr,1,1,"index, follow",0,1,1,3,0,1,0,0,1,2,13,5,13,8,1,1,/blog/empezar-a-correr-desde-cero,4,52,2,1,1,1
/blog/como-correr-mas-rapido,60,155,1,11,18,2174,https://www.correrjuntos.com/blog/como-correr-mas-rapido,1,1,"index, follow",0,1,1,3,0,1,0,0,1,2,14,5,15,20,1,1,,4,54,2,1,1,1
/blog/como-elegir-reloj-gps-running,57,148,1,11,14,1895,https://www.correrjuntos.com/blog/como-elegir-reloj-gps-running,1,1,"index, follow",0,1,1,8,0,1,5,0,6,2,11,5,29,41,1,1,,3,58,2,1,1,1
/blog/como-elegir-zapatillas-running,49,154,1,12,17,1537,https://www.correrjuntos.com/blog/como-elegir-zapatillas-running,1,1,"index, follow",0,1,1,3,0,1,0,0,1,2,19,5,14,26,1,0,,3,58,2,1,1,0
/blog/como-evitar-problemas-digestivos-correr,57,155,1,10,17,1835,https://www.correrjuntos.com/blog/como-evitar-problemas-digestivos-correr,1,1,"index, follow",0,1,1,3,0,1,0,0,1,2,20,5,14,6,1,0,,3,55,2,1,1,1
/blog/como-preparar-primera-carrera-5k,62,149,1,10,4,1243,https://www.correrjuntos.com/blog/como-preparar-primera-carrera-5k,1,1,"index, follow",0,1,1,3,0,1,0,0,1,2,10,5,11,15,1,1,,3,46,2,1,1,1
/blog/como-respirar-al-correr,62,156,1,12,26,2182,https://www.correrjuntos.com/blog/como-respirar-al-correr,1,1,"index, follow",0,1,1,3,0,1,0,0,1,2,10,5,14,13,1,1,/blog/empezar-a-correr-desde-cero,5,51,2,1,1,1
/blog/conocer-gente-haciendo-deporte,60,152,1,13,29,2945,https://www.correrjuntos.com/blog/conocer-gente-haciendo-deporte,1,1,"index, follow",0,1,1,3,0,1,0,0,1,2,14,5,17,12,1,0,,5,58,2,1,1,1
/blog/coros-pace-3-review,64,156,1,15,27,5785,https://www.correrjuntos.com/blog/coros-pace-3-review,1,1,"index, follow",0,1,1,7,0,1,4,0,5,2,13,5,28,12,1,1,,3,65,2,1,1,1
/blog/correr-acompanado-cadiz,56,148,1,13,18,2832,https://www.correrjuntos.com/blog/correr-acompanado-cadiz,1,1,"index, follow",0,1,1,3,0,1,0,0,1,2,15,5,17,10,1,0,,5,60,1,1,1,0
/blog/correr-acompanado-engancha-mas,54,134,1,8,12,1992,https://www.correrjuntos.com/blog/correr-acompanado-engancha-mas,1,1,"index, follow",0,1,1,3,0,1,0,0,1,2,12,4,17,3,1,0,,5,51,2,1,1,1
/blog/correr-antes-o-despues-de-comer,57,140,1,11,7,2030,https://www.correrjuntos.com/blog/correr-antes-o-despues-de-comer,1,1,"index, follow",0,1,1,3,0,1,0,0,1,2,14,4,12,2,1,0,,3,48,1,1,1,1
/blog/correr-con-musica-beneficios,58,155,1,11,15,2789,https://www.correrjuntos.com/blog/correr-con-musica-beneficios,1,1,"index, follow",0,1,1,3,0,1,0,0,1,2,13,4,13,2,1,0,,3,51,3,1,1,1
/blog/correr-con-perro-canicross,56,154,1,10,31,4173,https://www.correrjuntos.com/blog/correr-con-perro-canicross,1,1,"index, follow",0,1,1,12,0,1,9,0,10,2,12,4,31,2,1,0,,3,58,1,1,1,1
/blog/correr-con-sobrepeso,61,151,1,13,17,2842,https://www.correrjuntos.com/blog/correr-con-sobrepeso,1,1,"index, follow",0,1,1,3,0,1,0,0,1,2,14,5,19,5,1,0,,4,60,2,1,1,1
/blog/correr-embarazada-seguro,59,140,1,12,22,3034,https://www.correrjuntos.com/blog/correr-embarazada-seguro,1,1,"index, follow",0,1,1,3,0,1,0,0,1,2,8,4,13,2,1,0,/blog/descanso-y-recuperacion-running | /blog/estiramientos-despues-de-correr | /blog/hidratacion-running | /blog/nutricion-para-corredores | /blog/ritmo-para-principiantes,3,49,1,1,1,1
/blog/correr-en-ayunas,57,141,1,11,21,2304,https://www.correrjuntos.com/blog/correr-en-ayunas,1,1,"index, follow",0,1,1,3,0,1,0,0,1,2,12,4,13,6,1,0,,3,47,1,1,1,1
/blog/correr-en-cinta-vs-calle,57,145,1,10,6,1492,https://www.correrjuntos.com/blog/correr-en-cinta-vs-calle,1,1,"index, follow",0,1,1,3,0,1,0,0,1,2,12,5,12,3,1,0,,5,50,2,1,1,1
/blog/correr-en-invierno,65,153,1,19,14,2411,https://www.correrjuntos.com/blog/correr-en-invierno,1,1,"index, follow",0,1,1,3,0,1,0,0,1,2,10,5,11,43,1,1,,3,55,2,1,1,1
/blog/correr-en-montana-tecnica,63,147,1,11,17,1372,https://www.correrjuntos.com/blog/correr-en-montana-tecnica,1,1,"index, follow",0,1,1,3,0,1,0,0,1,2,16,5,6,10,1,0,,3,52,2,1,1,1
/blog/correr-en-verano-calor,53,133,1,11,7,1661,https://www.correrjuntos.com/blog/correr-en-verano-calor,1,1,"index, follow",0,1,1,3,0,1,0,0,1,2,12,5,11,6,1,0,,2,45,2,1,1,1
/blog/correr-es-social-tendencia,60,155,1,8,17,2954,https://www.correrjuntos.com/blog/correr-es-social-tendencia,1,1,"index, follow",0,1,1,3,0,1,0,0,1,2,12,4,16,2,1,0,,5,50,3,1,1,1
/blog/correr-para-adelgazar,61,151,1,12,19,2774,https://www.correrjuntos.com/blog/correr-para-adelgazar,1,1,"index, follow",0,1,1,3,0,1,0,0,1,2,20,5,18,12,1,0,,5,63,2,1,1,1
/blog/correr-por-la-noche-consejos,53,132,1,10,18,1648,https://www.correrjuntos.com/blog/correr-por-la-noche-consejos,1,1,"index, follow",0,1,1,3,0,1,0,0,1,2,13,4,13,7,1,0,,4,51,3,1,1,1
/blog/correr-solo-vs-acompanado,62,151,1,13,24,2483,https://www.correrjuntos.com/blog/correr-solo-vs-acompanado,1,1,"index, follow",0,1,1,3,0,1,0,0,1,2,22,5,21,13,1,0,,6,69,2,1,1,1
/blog/correr-y-gimnasio-mismo-dia,58,128,1,10,7,1563,https://www.correrjuntos.com/blog/correr-y-gimnasio-mismo-dia,1,1,"index, follow",0,1,1,3,0,1,0,0,1,2,12,5,14,2,1,0,,4,50,2,1,1,1
/blog/creatina-para-runners,65,160,1,14,26,3221,https://www.correrjuntos.com/blog/creatina-para-runners,1,1,"index, follow",0,1,1,3,0,1,0,0,1,2,8,5,17,2,1,1,,5,53,2,1,1,1
/blog/cuantas-veces-semana-correr,54,152,1,12,9,2145,https://www.correrjuntos.com/blog/cuantas-veces-semana-correr,1,1,"index, follow",0,1,1,3,0,1,0,0,1,2,16,5,18,12,1,0,,5,59,2,1,1,1
/blog/cuanto-duran-zapatillas-running,65,158,1,11,15,1452,https://www.correrjuntos.com/blog/cuanto-duran-zapatillas-running,1,1,"index, follow",0,1,1,3,0,1,0,0,1,2,16,5,14,17,1,0,,3,52,2,1,1,1
/blog/cuanto-tardo-en-correr-5km,63,135,1,10,12,1689,https://www.correrjuntos.com/blog/cuanto-tardo-en-correr-5km,1,1,"index, follow",0,1,1,3,0,1,0,0,1,2,13,4,10,2,1,0,,3,44,1,1,1,1
/blog/de-cero-a-5k,54,150,1,11,11,2383,https://www.correrjuntos.com/blog/de-cero-a-5k,1,1,"index, follow",0,1,1,3,0,1,0,0,1,2,18,5,17,19,1,0,,5,60,2,1,1,1
/blog/deka-fit-vs-deka-strong,65,137,1,12,7,1298,https://www.correrjuntos.com/blog/deka-fit-vs-deka-strong,1,1,"index, follow",0,1,1,3,0,1,0,0,1,2,8,5,14,3,1,0,,4,44,2,1,1,1
/blog/desayunos-antes-de-correr,51,145,1,10,22,2007,https://www.correrjuntos.com/blog/desayunos-antes-de-correr,1,1,"index, follow",0,1,1,3,0,1,0,0,1,2,21,5,14,14,1,0,,3,56,2,1,1,1
/blog/dieta-runner-que-comer,62,152,1,14,28,4516,https://www.correrjuntos.com/blog/dieta-runner-que-comer,1,1,"index, follow",0,1,1,3,0,1,0,0,1,2,22,5,20,33,1,1,,5,70,2,1,1,1
/blog/dieta-vegetariana-runner,65,160,1,11,15,1386,https://www.correrjuntos.com/blog/dieta-vegetariana-runner,1,1,"index, follow",0,1,1,3,0,1,0,0,1,2,16,5,6,10,1,0,,3,52,2,1,1,1
/blog/diferencia-zapatillas-running-normales,65,147,1,10,14,1501,https://www.correrjuntos.com/blog/diferencia-zapatillas-running-normales,1,1,"index, follow",0,1,1,3,0,1,0,0,1,2,15,5,6,7,1,0,,3,51,2,1,1,1
/blog/diferencias-trail-vs-asfalto,60,151,1,18,38,4944,https://www.correrjuntos.com/blog/diferencias-trail-vs-asfalto,1,1,"index, follow",0,1,1,3,0,1,0,0,1,2,14,5,16,7,1,1,,4,63,2,1,1,1
/blog/dolor-rodilla-al-correr,65,152,1,11,21,2146,https://www.correrjuntos.com/blog/dolor-rodilla-al-correr,1,1,"index, follow",0,1,1,3,0,1,0,0,1,2,11,5,15,10,1,1,,5,52,2,1,1,1
/blog/drop-zapatillas-running,58,154,1,11,6,1301,https://www.correrjuntos.com/blog/drop-zapatillas-running,1,1,"index, follow",0,1,1,3,0,1,0,0,1,2,13,5,6,21,1,0,,3,47,2,1,1,1
/blog/empezar-a-correr-con-verguenza,58,150,1,12,12,2331,https://www.correrjuntos.com/blog/empezar-a-correr-con-verguenza,1,1,"index, follow",0,1,1,3,0,1,0,0,1,2,11,4,15,2,1,0,,4,52,1,1,1,1
/blog/empezar-a-correr-despues-de-los-40,58,144,1,11,8,2142,https://www.correrjuntos.com/blog/empezar-a-correr-despues-de-los-40,1,1,"index, follow",0,1,1,3,0,1,0,0,1,2,12,5,14,3,1,0,,3,49,2,1,1,1
/blog/empezar-a-correr-despues-de-los-50,58,154,1,10,19,2661,https://www.correrjuntos.com/blog/empezar-a-correr-despues-de-los-50,1,1,"index, follow",0,1,1,3,0,1,0,0,1,2,13,4,13,2,1,0,,3,48,1,1,1,0
/blog/empezar-a-correr-guia-principiantes,55,148,1,13,20,1987,https://www.correrjuntos.com/blog/empezar-a-correr-guia-principiantes,1,1,"index, follow",0,1,1,3,0,1,0,0,1,2,27,9,11,84,1,1,,3,69,2,1,1,1
/blog/empezar-trail-running,63,148,1,21,31,5435,https://www.correrjuntos.com/blog/empezar-trail-running,1,1,"index, follow",0,1,1,4,1,1,0,0,2,2,21,5,13,31,1,1,,4,71,2,1,1,1
/blog/encontrar-gente-para-correr,52,153,1,13,8,2475,https://www.correrjuntos.com/blog/encontrar-gente-para-correr,1,1,"index, follow",0,1,1,3,0,1,0,0,1,2,19,5,23,48,1,0,,5,68,2,1,1,1
/blog/encontrar-runners-malaga,54,158,1,13,20,3147,https://www.correrjuntos.com/blog/encontrar-runners-malaga,1,1,"index, follow",0,1,1,3,0,1,0,0,1,2,17,5,17,15,1,0,,5,62,1,1,1,1
/blog/entrenamiento-fuerza-corredores,59,153,1,12,31,3092,https://www.correrjuntos.com/blog/entrenamiento-fuerza-corredores,1,1,"index, follow",0,1,1,3,0,1,0,0,1,2,10,4,13,2,1,0,,3,46,1,1,1,1
/blog/entrenamiento-por-zonas-running,56,151,1,19,52,5307,https://www.correrjuntos.com/blog/entrenamiento-por-zonas-running,1,1,"index, follow",0,1,1,3,0,1,0,0,1,2,19,5,12,29,1,1,,3,62,2,1,1,1
/blog/entrenamiento-trail-running-plan,62,145,1,12,18,1678,https://www.correrjuntos.com/blog/entrenamiento-trail-running-plan,1,1,"index, follow",0,1,1,3,0,1,0,0,1,2,18,5,14,20,1,0,/blog/mejores-zapatillas-trail,3,57,2,1,1,1
/blog/entrenar-skierg-row-hyrox,58,146,1,12,14,1716,https://www.correrjuntos.com/blog/entrenar-skierg-row-hyrox,1,1,"index, follow",0,1,1,7,0,1,0,0,5,2,8,5,22,3,1,0,,4,48,2,1,1,0
/blog/errores-comunes-corredores,63,152,1,3,11,1065,https://www.correrjuntos.com/blog/errores-comunes-corredores,1,1,"index, follow",0,1,1,3,0,1,0,0,1,2,14,5,16,33,1,1,,4,46,1,1,1,1
/blog/errores-principiante-running,57,154,1,12,8,2785,https://www.correrjuntos.com/blog/errores-principiante-running,1,1,"index, follow",0,1,1,3,0,1,0,0,1,2,13,4,16,8,1,0,,5,56,1,1,1,1
/blog/estiramientos-antes-despues-correr,57,151,1,9,13,1218,https://www.correrjuntos.com/blog/estiramientos-antes-despues-correr,1,1,"index, follow",0,1,1,3,0,1,0,0,1,2,8,5,11,33,1,1,,3,39,2,1,1,1
/blog/estiramientos-post-carrera,62,151,1,9,13,1295,https://www.correrjuntos.com/blog/estiramientos-post-carrera,1,1,"index, follow",0,1,1,3,0,1,0,0,1,2,8,5,15,18,1,1,,3,46,2,1,1,1
/blog/fascitis-plantar-corredores,64,147,1,14,32,2889,https://www.correrjuntos.com/blog/fascitis-plantar-corredores,1,1,"index, follow",0,1,1,3,0,1,0,0,1,2,10,5,11,11,1,1,,2,44,2,1,1,1
/blog/flato-dolor-costado-al-correr,57,137,1,9,12,1656,https://www.correrjuntos.com/blog/flato-dolor-costado-al-correr,1,1,"index, follow",0,1,1,3,0,1,0,0,1,2,13,4,7,4,1,0,,1,33,2,1,1,0
/blog/foam-rollers-runners,62,147,1,17,30,7287,https://www.correrjuntos.com/blog/foam-rollers-runners,1,1,"index, follow",0,1,1,10,0,1,7,0,8,2,11,5,31,5,1,1,,4,70,2,1,1,1
/blog/gafas-running,59,144,1,10,16,2575,https://www.correrjuntos.com/blog/gafas-running,1,1,"index, follow",0,1,1,11,0,1,8,0,9,2,9,5,30,5,1,0,,4,59,2,1,1,1
/blog/garmin-forerunner-265-vs-coros-pace-3,55,137,1,11,11,1388,https://www.correrjuntos.com/blog/garmin-forerunner-265-vs-coros-pace-3,1,1,"index, follow",0,1,1,3,0,1,0,0,1,2,8,5,22,33,1,1,,3,54,2,1,1,1
/blog/garmin-forerunner-55-review,65,145,1,15,13,5110,https://www.correrjuntos.com/blog/garmin-forerunner-55-review,1,1,"index, follow",0,1,1,6,0,1,3,0,4,2,13,5,26,19,1,1,,4,65,2,1,1,1
/blog/garmin-venu-3-review,58,143,1,13,27,4867,https://www.correrjuntos.com/blog/garmin-venu-3-review,1,1,"index, follow",0,1,1,4,0,1,1,0,2,2,13,5,25,2,1,1,,4,64,2,1,1,1
/blog/gorras-running,53,144,1,20,41,6842,https://www.correrjuntos.com/blog/gorras-running,1,1,"index, follow",0,1,1,9,0,1,6,0,7,2,9,5,32,2,1,1,,4,71,2,1,1,1
/blog/grupos-correr-sevilla,64,155,1,13,17,3786,https://www.correrjuntos.com/blog/grupos-correr-sevilla,1,1,"index, follow",0,1,1,3,0,1,0,0,1,2,15,6,20,19,1,0,,5,63,1,1,1,1
/blog/grupos-running-bilbao,58,153,1,12,18,3570,https://www.correrjuntos.com/blog/grupos-running-bilbao,1,1,"index, follow",0,1,1,3,0,1,0,0,1,2,13,7,20,2,1,0,,5,60,2,1,1,0
/blog/grupos-running-madrid-principiantes,57,147,1,13,19,2995,https://www.correrjuntos.com/blog/grupos-running-madrid-principiantes,1,1,"index, follow",0,1,1,3,0,1,0,0,1,2,17,4,16,6,1,0,,5,61,1,1,1,1
/blog/grupos-running-malaga,51,152,1,13,17,3824,https://www.correrjuntos.com/blog/grupos-running-malaga,1,1,"index, follow",0,1,1,3,0,1,0,0,1,2,14,7,20,2,1,0,/blog/grupos-correr-granada,5,63,2,1,1,0
/blog/grupos-running-valencia,60,155,1,12,20,3690,https://www.correrjuntos.com/blog/grupos-running-valencia,1,1,"index, follow",0,1,1,3,0,1,0,0,1,2,14,6,20,2,1,0,/blog/grupos-running-barcelona,5,63,1,1,1,0
/blog/grupos-running-zaragoza,60,153,1,12,17,3662,https://www.correrjuntos.com/blog/grupos-running-zaragoza,1,1,"index, follow",0,1,1,3,0,1,0,0,1,2,15,6,19,2,1,0,,5,61,1,1,1,0
/blog/hidratacion-running-guia-completa,58,152,1,14,26,5426,https://www.correrjuntos.com/blog/hidratacion-running-guia-completa,1,1,"index, follow",0,1,1,3,0,1,0,0,1,2,15,5,20,20,1,1,,4,69,2,1,1,1
/blog/hierro-para-corredores,56,158,1,11,16,1470,https://www.correrjuntos.com/blog/hierro-para-corredores,1,1,"index, follow",0,1,1,3,0,1,0,0,1,2,14,5,14,14,1,0,,3,50,2,1,1,1
/blog/hoka-clifton-9-vs-bondi-8,61,130,1,12,10,1491,https://www.correrjuntos.com/blog/hoka-clifton-9-vs-bondi-8,1,1,"index, follow",0,1,1,3,0,1,0,0,1,2,6,5,22,15,1,1,,3,53,2,1,1,1
/blog/hyrox-principiantes-guia,59,149,1,12,8,1435,https://www.correrjuntos.com/blog/hyrox-principiantes-guia,1,1,"index, follow",0,1,1,3,0,1,0,0,1,2,9,5,14,10,1,0,,4,45,2,1,1,1
/blog/hyrox-vs-deka-fit,59,148,1,12,8,1232,https://www.correrjuntos.com/blog/hyrox-vs-deka-fit,1,1,"index, follow",0,1,1,3,0,1,0,0,1,2,8,5,14,4,1,0,,4,44,2,1,1,1
/blog/,68,152,1,195,4,6695,https://www.correrjuntos.com/blog/,1,1,"index, follow",0,1,1,196,188,1,7,0,194,2,201,6,10,718,0,1,,2,234,4,0,1,1
/blog/jbl-reflect-flow-pro-review,40,150,1,18,22,5468,https://www.correrjuntos.com/blog/jbl-reflect-flow-pro-review,1,1,"index, follow",0,1,1,4,0,1,1,0,2,2,11,5,20,2,1,1,,3,64,2,1,1,1
/blog/kettlebells-farmer-carry-hyrox,65,138,1,10,16,1838,https://www.correrjuntos.com/blog/kettlebells-farmer-carry-hyrox,1,1,"index, follow",0,1,1,14,0,1,0,0,12,2,8,5,36,7,1,0,,4,57,2,1,1,0
/blog/lamparas-frontales-running,65,147,1,18,31,7022,https://www.correrjuntos.com/blog/lamparas-frontales-running,1,1,"index, follow",0,1,1,9,0,1,6,0,7,2,11,5,29,7,1,1,,4,68,2,1,1,1
/blog/mallas-running,56,155,1,19,50,8083,https://www.correrjuntos.com/blog/mallas-running,1,1,"index, follow",0,1,1,11,0,1,8,0,9,2,11,5,35,2,1,1,,4,73,2,1,1,1
/blog/material-trail-running,58,146,1,17,49,6714,https://www.correrjuntos.com/blog/material-trail-running,1,1,"index, follow",0,1,1,11,0,1,8,0,9,2,10,5,30,11,1,1,,4,67,2,1,1,1
/blog/mejor-hora-para-correr,61,157,1,11,19,2834,https://www.correrjuntos.com/blog/mejor-hora-para-correr,1,1,"index, follow",0,1,1,3,0,1,0,0,1,2,19,5,18,8,1,0,,5,61,2,1,1,1
/blog/mejor-reloj-gps-running-calidad-precio,58,151,1,13,19,4710,https://www.correrjuntos.com/blog/mejor-reloj-gps-running-calidad-precio,1,1,"index, follow",0,1,1,9,0,1,6,0,7,2,12,5,31,34,1,1,,3,64,2,1,1,1
/blog/mejores-apps-running,52,144,1,10,20,2647,https://www.correrjuntos.com/blog/mejores-apps-running,1,1,"index, follow",0,1,1,3,0,1,0,0,1,2,15,9,18,61,1,1,,4,57,4,1,1,1
/blog/mejores-auriculares-baratos-running,54,154,1,16,21,5688,https://www.correrjuntos.com/blog/mejores-auriculares-baratos-running,1,1,"index, follow",0,1,1,11,0,1,8,0,9,2,11,4,29,2,1,1,,3,60,2,1,1,1
/blog/mejores-auriculares-running,48,144,1,8,12,1619,https://www.correrjuntos.com/blog/mejores-auriculares-running,1,1,"index, follow",0,1,1,11,0,1,8,0,9,2,10,5,33,28,1,1,,3,57,2,1,1,1
/blog/mejores-bastones-trail-running,61,146,1,9,22,2420,https://www.correrjuntos.com/blog/mejores-bastones-trail-running,1,1,"index, follow",0,1,1,13,10,1,0,0,11,2,13,5,34,2,1,0,,4,58,2,1,1,0
/blog/mejores-bcaas-runners,52,154,1,10,14,3347,https://www.correrjuntos.com/blog/mejores-bcaas-runners,1,1,"index, follow",0,1,1,11,0,1,8,0,9,2,7,7,27,2,1,0,/blog/nutricion-maraton-guia-completa,3,56,4,1,1,1
/blog/mejores-bebidas-hidratacion-running,64,153,1,11,12,1630,https://www.correrjuntos.com/blog/mejores-bebidas-hidratacion-running,1,1,"index, follow",0,1,1,3,0,1,0,0,1,2,10,5,17,2,1,0,/blog/mejores-geles-energia-running | /blog/nutricion-maraton-guia-completa,3,57,2,1,1,0
/blog/mejores-calleras-crossfit,60,125,1,19,25,1257,https://www.correrjuntos.com/blog/mejores-calleras-crossfit,1,1,"index, follow",0,1,1,13,5,1,5,0,11,2,9,4,23,2,1,1,,4,53,1,1,1,1
/blog/mejores-colagenos-runners,55,148,1,10,14,3374,https://www.correrjuntos.com/blog/mejores-colagenos-runners,1,1,"index, follow",0,1,1,11,0,1,8,0,9,2,7,7,24,2,1,0,/blog/nutricion-maraton-guia-completa,3,53,4,1,1,1
/blog/mejores-creatinas-running,60,153,1,9,16,3317,https://www.correrjuntos.com/blog/mejores-creatinas-running,1,1,"index, follow",0,1,1,13,0,1,10,0,11,2,7,6,31,5,1,1,/blog/nutricion-maraton-guia-completa,4,59,3,1,1,1
/blog/mejores-garmin-running,61,154,1,5,9,1903,https://www.correrjuntos.com/blog/mejores-garmin-running,1,1,"index, follow",0,1,1,11,0,1,8,0,9,2,5,5,30,2,1,0,,4,52,2,1,1,1
/blog/mejores-geles-energeticos-running,63,159,1,11,9,1847,https://www.correrjuntos.com/blog/mejores-geles-energeticos-running,1,1,"index, follow",0,1,1,3,0,1,0,0,1,2,11,5,16,8,1,0,/blog/nutricion-maraton-guia-completa,3,56,2,1,1,0
/blog/mejores-magnesios-runners,55,190,1,10,14,3192,https://www.correrjuntos.com/blog/mejores-magnesios-runners,1,1,"index, follow",0,1,1,11,0,1,8,0,9,2,7,7,27,3,1,0,/blog/nutricion-maraton-guia-completa,3,56,4,1,1,1
/blog/mejores-multivitaminicos-runners,63,152,1,11,14,2998,https://www.correrjuntos.com/blog/mejores-multivitaminicos-runners,1,1,"index, follow",0,1,1,11,0,1,8,0,9,2,7,5,24,2,1,0,/blog/nutricion-maraton-guia-completa,3,54,2,1,1,1
/blog/mejores-omega-3-runners,58,155,1,9,16,3414,https://www.correrjuntos.com/blog/mejores-omega-3-runners,1,1,"index, follow",0,1,1,13,0,1,10,0,11,2,7,6,30,4,1,0,/blog/nutricion-maraton-guia-completa,4,58,3,1,1,1
/blog/mejores-proteinas-running,60,150,1,9,16,3799,https://www.correrjuntos.com/blog/mejores-proteinas-running,1,1,"index, follow",0,1,1,13,0,1,10,0,11,2,7,6,30,2,1,0,/blog/nutricion-maraton-guia-completa,3,58,3,1,1,1
/blog/mejores-recuperadores-running,58,148,1,11,13,1883,https://www.correrjuntos.com/blog/mejores-recuperadores-running,1,1,"index, follow",0,1,1,3,0,1,0,0,1,2,11,5,18,2,1,0,/blog/nutricion-maraton-guia-completa,3,58,2,1,1,0
/blog/mejores-relojes-gps-running,58,156,1,10,17,2802,https://www.correrjuntos.com/blog/mejores-relojes-gps-running,1,1,"index, follow",0,1,1,11,0,1,8,0,9,2,11,5,30,8,1,0,,4,61,2,1,1,1
/blog/mejores-rutas-correr-barcelona,51,151,1,11,17,2802,https://www.correrjuntos.com/blog/mejores-rutas-correr-barcelona,1,1,"index, follow",0,1,1,3,0,1,0,0,1,2,12,6,11,8,1,1,,3,50,2,1,1,1
/blog/mejores-rutas-correr-madrid,55,145,1,11,17,2912,https://www.correrjuntos.com/blog/mejores-rutas-correr-madrid,1,1,"index, follow",0,1,1,3,0,1,0,0,1,2,12,6,11,16,1,1,,3,51,2,1,1,1
/blog/mejores-rutas-correr-malaga,62,151,1,10,18,2697,https://www.correrjuntos.com/blog/mejores-rutas-correr-malaga,1,1,"index, follow",0,1,1,3,0,1,0,0,1,2,11,9,15,7,1,1,,3,57,2,1,1,0
/blog/mejores-rutas-correr-sevilla,63,142,1,10,17,2757,https://www.correrjuntos.com/blog/mejores-rutas-correr-sevilla,1,1,"index, follow",0,1,1,3,0,1,0,0,1,2,10,7,15,10,1,1,,3,51,2,1,1,0
/blog/mejores-rutas-correr-valencia,65,143,1,11,17,2718,https://www.correrjuntos.com/blog/mejores-rutas-correr-valencia,1,1,"index, follow",0,1,1,3,0,1,0,0,1,2,11,6,11,7,1,1,,3,49,2,1,1,1
/blog/mejores-superficies-para-correr,53,154,1,11,14,3000,https://www.correrjuntos.com/blog/mejores-superficies-para-correr,1,1,"index, follow",0,1,1,3,0,1,0,0,1,2,11,4,13,2,1,0,/blog/mejores-zapatillas-running | /blog/zapatillas-trail-running,3,49,1,1,1,1
/blog/mejores-suplementos-runners,53,154,1,13,18,2869,https://www.correrjuntos.com/blog/mejores-suplementos-runners,1,1,"index, follow",0,1,1,3,0,1,0,0,1,2,15,7,24,33,1,1,,4,71,2,1,1,1
/blog/mejores-zapatillas-hyrox,49,137,1,9,14,2211,https://www.correrjuntos.com/blog/mejores-zapatillas-hyrox,1,1,"index, follow",0,1,1,12,9,1,0,0,10,2,7,5,32,9,1,0,/blog/mejores-zapatillas-running,4,60,2,1,1,0
/blog/mejores-zapatillas-placa-carbono,54,160,1,9,17,2697,https://www.correrjuntos.com/blog/mejores-zapatillas-placa-carbono,1,1,"index, follow",0,1,1,13,0,1,10,0,11,2,8,6,30,5,1,0,,4,58,2,1,1,1
/blog/mejores-zapatillas-running-asfalto,59,151,1,10,18,2526,https://www.correrjuntos.com/blog/mejores-zapatillas-running-asfalto,1,1,"index, follow",0,1,1,13,0,1,10,0,11,2,21,6,30,56,1,1,,4,77,2,1,1,1
/blog/mejores-zapatillas-running-baratas,65,145,1,11,21,4843,https://www.correrjuntos.com/blog/mejores-zapatillas-running-baratas,1,1,"index, follow",0,1,1,11,0,1,7,0,9,2,13,5,27,10,1,1,,4,65,2,1,1,1
/blog/mejores-zapatillas-running-mujer,52,154,1,11,23,4303,https://www.correrjuntos.com/blog/mejores-zapatillas-running-mujer,1,1,"index, follow",0,1,1,11,0,1,8,0,9,2,12,5,33,3,1,1,,4,64,2,1,1,1
/blog/mejores-zapatillas-running-principiantes,51,144,1,12,22,2609,https://www.correrjuntos.com/blog/mejores-zapatillas-running-principiantes,1,1,"index, follow",0,1,1,9,0,1,6,0,7,2,9,5,20,33,2,1,,3,56,2,1,1,1
/blog/mejores-zapatillas-running-sobrepeso,64,153,1,12,22,4650,https://www.correrjuntos.com/blog/mejores-zapatillas-running-sobrepeso,1,1,"index, follow",0,1,1,10,0,1,7,0,8,2,14,5,26,3,1,1,,4,67,2,1,1,1
/blog/mejores-zapatillas-trail-running,47,150,1,9,17,1695,https://www.correrjuntos.com/blog/mejores-zapatillas-trail-running,1,1,"index, follow",0,1,1,3,0,1,0,0,1,2,12,4,14,5,1,0,/blog/como-empezar-trail-running,3,54,1,1,1,1
/blog/mochilas-trail-running,59,148,1,5,9,1812,https://www.correrjuntos.com/blog/mochilas-trail-running,1,1,"index, follow",0,1,1,11,0,1,8,0,9,2,4,5,30,2,1,0,,4,51,2,1,1,1
/blog/motivacion-para-correr,61,145,1,17,6,2751,https://www.correrjuntos.com/blog/motivacion-para-correr,1,1,"index, follow",0,1,1,3,0,1,0,0,1,2,14,5,19,11,1,0,,5,64,2,1,1,1
/blog/navegacion-gps-trail-running,57,152,1,10,17,1848,https://www.correrjuntos.com/blog/navegacion-gps-trail-running,1,1,"index, follow",0,1,1,7,0,1,0,0,5,2,23,5,14,9,1,0,,3,62,2,1,1,1
/blog/new-balance-1080-vs-hoka-clifton,59,145,1,10,14,1677,https://www.correrjuntos.com/blog/new-balance-1080-vs-hoka-clifton,1,1,"index, follow",0,1,1,5,0,1,2,0,3,2,23,5,12,12,1,0,,3,60,2,1,1,1
/blog/nike-pegasus-41-vs-brooks-ghost-16,55,144,1,12,10,1713,https://www.correrjuntos.com/blog/nike-pegasus-41-vs-brooks-ghost-16,1,1,"index, follow",0,1,1,3,0,1,0,0,1,2,9,5,22,3,1,1,,3,56,2,1,1,1
/blog/no-tengo-con-quien-correr,61,143,1,12,10,2804,https://www.correrjuntos.com/blog/no-tengo-con-quien-correr,1,1,"index, follow",0,1,1,3,0,1,0,0,1,2,13,4,20,6,1,0,,4,59,1,1,1,1
/blog/nutricion-dia-de-carrera,60,139,1,11,5,930,https://www.correrjuntos.com/blog/nutricion-dia-de-carrera,1,1,"index, follow",0,1,1,3,0,1,0,0,1,2,7,5,17,35,1,1,,3,51,2,1,1,1
/blog/nutricion-para-runners,52,144,1,11,6,1030,https://www.correrjuntos.com/blog/nutricion-para-runners,1,1,"index, follow",0,1,1,3,0,1,0,0,1,2,12,5,14,66,1,1,,3,51,2,1,1,1
/blog/nutricion-recuperacion-post-entreno,51,146,1,11,15,1422,https://www.correrjuntos.com/blog/nutricion-recuperacion-post-entreno,1,1,"index, follow",0,1,1,3,0,1,0,0,1,2,15,5,6,16,1,0,,3,51,2,1,1,1
/blog/nutricion-trail-running,61,153,1,12,18,1603,https://www.correrjuntos.com/blog/nutricion-trail-running,1,1,"index, follow",0,1,1,3,0,1,0,0,1,2,14,5,14,13,1,0,/blog/mejores-geles-energia-running,3,52,2,1,1,1
/blog/pack-basico-running-principiantes,50,147,1,12,22,4324,https://www.correrjuntos.com/blog/pack-basico-running-principiantes,1,1,"index, follow",0,1,1,3,0,1,0,0,1,2,17,5,17,16,1,1,,3,72,2,1,1,1
/blog/periostitis-tibial-running,63,144,1,14,36,4742,https://www.correrjuntos.com/blog/periostitis-tibial-running,1,1,"index, follow",0,1,1,3,0,1,0,0,1,2,12,5,11,9,1,1,,2,46,2,1,1,1
/blog/plan-entrenamiento-10k,55,155,1,9,0,949,https://www.correrjuntos.com/blog/plan-entrenamiento-10k,1,1,"index, follow",0,1,1,3,0,1,0,0,1,2,9,5,11,24,1,1,,3,43,2,1,1,1
/blog/plan-entrenamiento-media-maraton,56,146,1,12,11,1695,https://www.correrjuntos.com/blog/plan-entrenamiento-media-maraton,1,1,"index, follow",0,1,1,3,0,1,0,0,1,2,8,5,17,42,1,1,,3,51,2,1,1,1
/blog/polar-pacer-pro-review,61,148,1,15,23,4665,https://www.correrjuntos.com/blog/polar-pacer-pro-review,1,1,"index, follow",0,1,1,6,0,1,3,0,4,2,14,5,26,7,1,1,,3,67,2,1,1,1
/blog/por-que-dejan-correr-3-meses,62,150,1,12,8,2486,https://www.correrjuntos.com/blog/por-que-dejan-correr-3-meses,1,1,"index, follow",0,1,1,3,0,1,0,0,1,2,14,4,17,2,1,0,,5,57,1,1,1,1
/blog/potencia-en-running,52,147,1,18,59,6716,https://www.correrjuntos.com/blog/potencia-en-running,1,1,"index, follow",0,1,1,3,0,1,0,0,1,2,12,5,20,3,1,1,,4,61,2,1,1,1
/blog/prevenir-lesiones-running,52,150,1,15,32,4578,https://www.correrjuntos.com/blog/prevenir-lesiones-running,1,1,"index, follow",0,1,1,3,0,1,0,0,1,2,18,5,11,21,1,1,,2,55,2,1,1,0
/blog/primera-quedada-running,60,152,1,11,24,2542,https://www.correrjuntos.com/blog/primera-quedada-running,1,1,"index, follow",0,1,1,3,0,1,0,0,1,2,13,5,16,12,1,0,,5,54,2,1,1,1
/blog/proteinas-para-runners,62,146,1,14,40,5424,https://www.correrjuntos.com/blog/proteinas-para-runners,1,1,"index, follow",0,1,1,3,0,1,0,0,1,2,17,5,20,6,1,1,,4,65,2,1,1,1
/blog/puedo-correr-todos-los-dias,61,149,1,10,6,1584,https://www.correrjuntos.com/blog/puedo-correr-todos-los-dias,1,1,"index, follow",0,1,1,3,0,1,0,0,1,2,12,5,14,3,1,0,,4,50,2,1,1,1
/blog/que-comer-antes-de-correr,64,144,1,12,17,1667,https://www.correrjuntos.com/blog/que-comer-antes-de-correr,1,1,"index, follow",0,1,1,3,0,1,0,0,1,2,11,5,16,4,1,1,/blog/nutricion-antes-de-correr,4,53,2,1,1,1
/blog/que-gel-energetico-usar-maraton,57,156,1,12,25,4094,https://www.correrjuntos.com/blog/que-gel-energetico-usar-maraton,1,1,"index, follow",0,1,1,3,0,1,0,0,1,2,11,5,20,30,1,1,,4,59,2,1,1,1
/blog/que-zapatillas-running-comprar-segun-nivel,53,149,1,12,26,4864,https://www.correrjuntos.com/blog/que-zapatillas-running-comprar-segun-nivel,1,1,"index, follow",0,1,1,12,0,1,9,0,10,2,16,5,27,6,1,1,,3,71,2,1,1,1
/blog/quedadas-correr-barcelona,54,149,1,12,20,2489,https://www.correrjuntos.com/blog/quedadas-correr-barcelona,1,1,"index, follow",0,1,1,3,0,1,0,0,1,2,18,4,16,4,1,0,,5,61,1,1,1,0
/blog/recetas-runners-rapidas,54,154,1,10,18,1446,https://www.correrjuntos.com/blog/recetas-runners-rapidas,1,1,"index, follow",0,1,1,3,0,1,0,0,1,2,17,5,14,17,1,0,,3,52,2,1,1,1
/blog/recuperar-ganas-de-correr,54,143,1,8,19,2450,https://www.correrjuntos.com/blog/recuperar-ganas-de-correr,1,1,"index, follow",0,1,1,3,0,1,0,0,1,2,13,4,18,2,1,0,,5,53,1,1,1,1
/blog/ritmo-para-principiantes-running,53,141,1,12,4,1817,https://www.correrjuntos.com/blog/ritmo-para-principiantes-running,1,1,"index, follow",0,1,1,3,0,1,0,0,1,2,12,4,10,12,1,0,,3,48,1,1,1,1
/blog/rodilla-del-corredor,64,155,1,14,35,4326,https://www.correrjuntos.com/blog/rodilla-del-corredor,1,1,"index, follow",0,1,1,3,0,1,0,0,1,2,14,5,11,12,1,1,,3,48,2,1,1,1
/blog/rodillo-vs-pistola-masaje-recuperacion,58,142,1,11,28,2951,https://www.correrjuntos.com/blog/rodillo-vs-pistola-masaje-recuperacion,1,1,"index, follow",0,1,1,23,0,1,0,0,21,2,7,5,54,3,1,0,/blog/estiramientos-despues-correr,4,66,2,1,1,0
/blog/ropa-correr-segun-temperatura,59,103,1,11,13,3410,https://www.correrjuntos.com/blog/ropa-correr-segun-temperatura,1,1,"index, follow",0,1,1,3,0,1,0,0,1,2,11,4,13,2,1,0,,3,46,1,1,1,1
/blog/ropa-tecnica-running,62,145,1,12,17,3111,https://www.correrjuntos.com/blog/ropa-tecnica-running,1,1,"index, follow",0,1,1,3,0,1,0,0,1,2,13,5,26,46,1,1,,3,71,2,1,1,1
/blog/salomon-speedcross-6-vs-hoka-speedgoat-6,64,144,1,12,11,1989,https://www.correrjuntos.com/blog/salomon-speedcross-6-vs-hoka-speedgoat-6,1,1,"index, follow",0,1,1,3,0,1,0,0,1,2,6,5,19,2,1,1,,3,52,2,1,1,1
/blog/sandbag-lunges-hyrox,54,145,1,10,15,1834,https://www.correrjuntos.com/blog/sandbag-lunges-hyrox,1,1,"index, follow",0,1,1,14,0,1,0,0,12,2,8,5,36,3,1,0,,4,57,2,1,1,0
/blog/seguridad-correr-con-desconocidos,53,154,1,11,26,2516,https://www.correrjuntos.com/blog/seguridad-correr-con-desconocidos,1,1,"index, follow",0,1,1,3,0,1,0,0,1,2,13,5,16,12,1,0,,5,53,2,1,1,1
/blog/seguridad-trail-running,65,150,1,12,13,1448,https://www.correrjuntos.com/blog/seguridad-trail-running,1,1,"index, follow",0,1,1,3,0,1,0,0,1,2,16,5,14,16,1,0,,3,53,2,1,1,1
/blog/shokz-openrun-pro-2-review,63,151,1,19,24,5359,https://www.correrjuntos.com/blog/shokz-openrun-pro-2-review,1,1,"index, follow",0,1,1,4,0,1,1,0,2,2,12,5,20,8,1,1,,3,78,2,1,1,1
/blog/smartwatch-vs-reloj-gps-running,54,159,1,16,24,6299,https://www.correrjuntos.com/blog/smartwatch-vs-reloj-gps-running,1,1,"index, follow",0,1,1,7,0,1,4,0,5,2,19,5,28,3,1,1,,4,74,2,1,1,1
/blog/snacks-energeticos-running,54,147,1,10,16,1695,https://www.correrjuntos.com/blog/snacks-energeticos-running,1,1,"index, follow",0,1,1,3,0,1,0,0,1,2,20,5,14,12,1,0,,3,55,2,1,1,1
/blog/soft-flasks-running,51,158,1,5,9,1760,https://www.correrjuntos.com/blog/soft-flasks-running,1,1,"index, follow",0,1,1,11,0,1,8,0,9,2,4,5,30,2,1,0,,4,51,2,1,1,1
/blog/soledad-del-runner,54,142,1,8,17,2109,https://www.correrjuntos.com/blog/soledad-del-runner,1,1,"index, follow",0,1,1,3,0,1,0,0,1,2,12,4,16,2,1,0,,4,50,1,1,1,1
/blog/strava-vs-garmin-connect,64,159,1,24,40,5495,https://www.correrjuntos.com/blog/strava-vs-garmin-connect,1,1,"index, follow",0,1,1,3,0,1,0,0,1,2,17,5,15,3,1,1,,4,67,2,1,1,1
/blog/tendinitis-aquiles-running,54,150,1,14,38,4474,https://www.correrjuntos.com/blog/tendinitis-aquiles-running,1,1,"index, follow",0,1,1,3,0,1,0,0,1,2,14,5,11,10,1,1,,2,49,2,1,1,1
/blog/ultra-trail-principiantes,54,157,1,10,17,1977,https://www.correrjuntos.com/blog/ultra-trail-principiantes,1,1,"index, follow",0,1,1,3,0,1,0,0,1,2,23,5,10,11,1,0,,3,58,2,1,1,0
/blog/unirse-grupo-running,56,160,1,13,26,2537,https://www.correrjuntos.com/blog/unirse-grupo-running,1,1,"index, follow",0,1,1,3,0,1,0,0,1,2,22,6,21,19,1,0,,5,68,3,1,1,1
/blog/variabilidad-cardiaca-running,63,155,1,20,39,7593,https://www.correrjuntos.com/blog/variabilidad-cardiaca-running,1,1,"index, follow",0,1,1,3,0,1,0,0,1,2,18,5,19,4,1,1,,4,69,3,1,1,1
/blog/volver-a-correr-despues-de-lesion,59,156,1,10,28,3512,https://www.correrjuntos.com/blog/volver-a-correr-despues-de-lesion,1,1,"index, follow",0,1,1,3,0,1,0,0,1,2,11,4,13,3,1,0,,3,47,1,1,1,0
/blog/wall-ball-hyrox-comprar,60,136,1,10,13,1903,https://www.correrjuntos.com/blog/wall-ball-hyrox-comprar,1,1,"index, follow",0,1,1,11,0,1,0,0,9,2,8,5,30,4,1,0,,4,54,2,1,1,0
/blog/zapatillas-deka-strong-atlas,63,139,1,9,9,1206,https://www.correrjuntos.com/blog/zapatillas-deka-strong-atlas,1,1,"index, follow",0,1,1,6,3,1,0,0,4,2,7,5,20,3,1,0,/blog/mejores-zapatillas-running,4,48,2,1,1,0
/blog/zapatillas-running-media-maraton,54,160,1,10,19,2006,https://www.correrjuntos.com/blog/zapatillas-running-media-maraton,1,1,"index, follow",0,1,1,10,7,1,0,0,8,2,23,5,28,9,1,0,,3,65,2,1,1,0
/blog/zapatillas-running-pisada-neutra,62,154,1,13,2,1315,https://www.correrjuntos.com/blog/zapatillas-running-pisada-neutra,1,1,"index, follow",0,1,1,3,0,1,0,0,1,2,15,5,6,15,1,0,,3,51,2,1,1,1
/blog/zapatillas-running-pronadores,57,146,1,12,28,4435,https://www.correrjuntos.com/blog/zapatillas-running-pronadores,1,1,"index, follow",0,1,1,10,0,1,7,0,8,2,13,5,25,2,1,1,,3,64,2,1,1,1
/blog/zapatillas-running-supinadores,62,154,1,10,18,1831,https://www.correrjuntos.com/blog/zapatillas-running-supinadores,1,1,"index, follow",0,1,1,8,0,1,5,0,6,2,23,5,15,11,1,0,,3,63,2,1,1,1
/blog/atletas-hibridos/,31,67,0,0,0,7,https://www.correrjuntos.com/blog/?cat=atleta-hibrido,0,1,"index, follow",0,0,0,0,0,0,0,0,0,0,1,0,0,1,2,0,,0,1,0,0,0,0
/blog/atletas-hibridos/mejores-mochilas-crossfit-2026/,60,142,1,7,15,1598,https://www.correrjuntos.com/blog/atletas-hibridos/mejores-mochilas-crossfit-2026,1,1,"index, follow",0,1,1,11,0,0,11,0,10,1,7,2,10,1,1,1,,1,32,0,1,1,1
/blog/autor/carlos-ruiz,57,151,1,4,0,293,https://www.correrjuntos.com/blog/autor/carlos-ruiz,1,1,"index, follow",0,1,1,1,0,0,0,0,0,1,4,3,3,227,2,1,,1,22,0,0,0,1
/blog/autor/jose-marquez,57,157,1,4,0,314,https://www.correrjuntos.com/blog/autor/jose-marquez,1,1,"index, follow",0,1,1,1,0,0,0,0,0,1,4,3,3,127,2,1,,1,22,0,0,0,1
/blog/categoria/,29,51,1,0,1,45,,0,0,"index, follow",0,0,0,0,0,0,0,0,0,0,3,1,0,1,,1,,2,9,0,0,0,0
/blog/categoria/entrenamiento/,28,0,0,0,0,6,https://www.correrjuntos.com/blog/categoria/?cat=entrenamiento,0,1,,0,0,0,0,0,0,0,0,0,0,1,0,0,0,,0,,0,1,0,0,0,0
/blog/en/10k-training-plan,56,136,1,8,1,908,https://www.correrjuntos.com/blog/en/10k-training-plan,1,1,"index, follow",0,1,1,3,0,1,0,0,1,2,9,5,11,19,1,1,,3,40,1,1,1,1
/blog/en/achilles-tendinitis-running,64,150,1,14,38,4242,https://www.correrjuntos.com/blog/en/achilles-tendinitis-running,1,1,"index, follow",0,1,1,3,0,1,0,0,1,2,14,4,10,4,1,1,,2,48,1,1,1,1
/blog/en/anti-inflammatory-foods-runners,54,146,1,12,45,5792,https://www.correrjuntos.com/blog/en/anti-inflammatory-foods-runners,1,1,"index, follow",0,1,1,3,0,1,0,0,1,2,16,5,22,1,1,1,,4,62,1,1,1,1
/blog/en/apple-watch-running-review,52,120,1,15,33,5604,https://www.correrjuntos.com/blog/en/apple-watch-running-review,1,1,"index, follow",0,1,1,6,0,1,3,0,4,2,16,5,23,1,1,1,,4,64,1,1,1,1
/blog/en/asics-gel-nimbus-26-vs-nike-pegasus-41,63,149,1,12,10,1746,https://www.correrjuntos.com/blog/en/asics-gel-nimbus-26-vs-nike-pegasus-41,1,1,"index, follow",0,1,1,3,0,1,0,0,1,2,7,5,22,5,1,1,,3,53,1,1,1,1
/blog/en/average-5k-time-by-age,61,129,1,10,12,1662,https://www.correrjuntos.com/blog/en/average-5k-time-by-age,1,1,"index, follow",0,1,1,3,0,1,0,0,1,2,11,4,10,1,1,0,/blog/en/prepare-first-5k-race,2,43,1,1,1,1
/blog/en/basic-running-pack-beginners,56,148,1,12,22,4266,https://www.correrjuntos.com/blog/en/basic-running-pack-beginners,1,1,"index, follow",0,1,1,3,0,1,0,0,1,2,17,5,17,1,1,1,,3,71,1,1,1,1
/blog/en/beginner-running-groups-madrid,54,149,1,13,19,2825,https://www.correrjuntos.com/blog/en/beginner-running-groups-madrid,1,1,"index, follow",0,1,1,3,0,1,0,0,1,2,14,4,16,6,1,0,/blog/en/benefits-of-running-in-a-group | /blog/en/how-to-join-a-running-group,4,60,1,1,1,1
/blog/en/beginner-running-mistakes-nobody-tells,63,145,1,12,8,3021,https://www.correrjuntos.com/blog/en/beginner-running-mistakes-nobody-tells,1,1,"index, follow",0,1,1,3,0,1,0,0,1,2,9,4,16,3,1,0,/blog/en/beginner-running-guide | /blog/en/couch-to-5k,4,54,1,1,1,1
/blog/en/benefits-of-group-running,62,153,1,8,7,1223,https://www.correrjuntos.com/blog/en/benefits-of-group-running,1,1,"index, follow",0,1,1,3,0,1,0,0,1,2,15,5,11,29,1,1,/blog/en/stretches-before-after-running,3,45,1,1,1,1
/blog/en/benefits-of-running,60,150,1,10,25,2249,https://www.correrjuntos.com/blog/en/benefits-of-running,1,1,"index, follow",0,1,1,3,0,1,0,0,1,2,9,5,16,7,1,1,/blog/empezar-a-correr-desde-cero | /blog/nutricion-antes-de-correr,4,52,1,1,1,1
/blog/en/best-apps-running-groups,54,154,1,18,6,2314,https://www.correrjuntos.com/blog/en/best-apps-running-groups,1,1,"index, follow",0,1,1,3,0,1,0,0,1,2,12,5,22,8,1,0,,4,64,1,1,1,1
/blog/en/best-breakfasts-before-running,52,147,1,10,18,1569,https://www.correrjuntos.com/blog/en/best-breakfasts-before-running,1,1,"index, follow",0,1,1,3,0,1,0,0,1,2,22,5,10,17,1,0,,3,57,1,1,1,1
/blog/en/best-budget-running-headphones,58,149,1,16,21,5388,https://www.correrjuntos.com/blog/en/best-budget-running-headphones,1,1,"index, follow",0,1,1,11,0,1,8,0,9,2,11,4,29,1,1,1,,3,60,1,1,1,1
/blog/en/best-budget-running-shoes,53,149,1,11,21,4645,https://www.correrjuntos.com/blog/en/best-budget-running-shoes,1,1,"index, follow",0,1,1,11,0,1,7,0,9,2,13,5,27,2,1,1,,4,64,1,1,1,1
/blog/en/best-carbon-plate-running-shoes,61,134,1,9,17,2576,https://www.correrjuntos.com/blog/en/best-carbon-plate-running-shoes,1,1,"index, follow",0,1,1,13,0,1,10,0,11,2,8,6,29,1,1,0,,4,57,1,1,1,1
/blog/en/best-creatine-running,52,151,1,9,16,3134,https://www.correrjuntos.com/blog/en/best-creatine-running,1,1,"index, follow",0,1,1,13,0,1,10,0,11,2,5,6,30,4,1,1,/blog/en/best-gps-watch-running | /blog/en/best-running-shoes-road | /blog/en/marathon-nutrition-guide,4,57,1,1,1,1
/blog/en/best-energy-gels-running,58,148,1,9,16,2877,https://www.correrjuntos.com/blog/en/best-energy-gels-running,1,1,"index, follow",0,1,1,13,0,1,10,0,11,2,5,6,27,4,1,0,/blog/en/best-gps-watch-running | /blog/en/best-running-shoes-road | /blog/en/marathon-nutrition-guide,3,54,1,1,1,1
/blog/en/best-energy-snacks-for-runners,63,142,1,10,17,1553,https://www.correrjuntos.com/blog/en/best-energy-snacks-for-runners,1,1,"index, follow",0,1,1,3,0,1,0,0,1,2,22,5,10,18,1,0,,3,57,1,1,1,1
/blog/en/best-garmin-running-watches,53,158,1,5,9,1869,https://www.correrjuntos.com/blog/en/best-garmin-running-watches,1,1,"index, follow",0,1,1,11,0,1,8,0,9,2,4,5,30,1,1,0,,3,50,1,1,1,1
/blog/en/best-gps-running-watches,50,151,1,10,17,2659,https://www.correrjuntos.com/blog/en/best-gps-running-watches,1,1,"index, follow",0,1,1,11,0,1,8,0,9,2,8,5,30,3,1,0,/blog/en/free-running-apps,3,58,1,1,1,1
/blog/en/best-half-marathon-shoes,64,156,1,10,16,1611,https://www.correrjuntos.com/blog/en/best-half-marathon-shoes,1,1,"index, follow",0,1,1,6,3,1,0,0,4,2,22,5,12,16,1,0,,3,59,1,1,1,0
/blog/en/best-hydration-drinks-running,56,152,1,9,16,3006,https://www.correrjuntos.com/blog/en/best-hydration-drinks-running,1,1,"index, follow",0,1,1,13,0,1,10,0,11,2,6,6,28,3,1,0,/blog/en/best-running-gels | /blog/en/nutrition-tips-marathon,3,56,1,1,1,1
/blog/en/best-omega-3-running,51,147,1,11,29,4629,https://www.correrjuntos.com/blog/en/best-omega-3-running,1,1,"index, follow",0,1,1,13,0,1,10,0,11,2,9,5,27,1,1,0,,4,57,1,1,1,1
/blog/en/best-protein-running,51,152,1,10,16,4015,https://www.correrjuntos.com/blog/en/best-protein-running,1,1,"index, follow",0,1,1,13,0,1,10,0,11,2,6,6,31,1,1,0,/blog/en/best-gps-watch-running | /blog/en/best-running-shoes-road,4,59,1,1,1,1
/blog/en/best-recovery-drinks-running,62,155,1,9,21,4100,https://www.correrjuntos.com/blog/en/best-recovery-drinks-running,1,1,"index, follow",0,1,1,13,0,1,10,0,11,2,6,6,31,1,1,0,/blog/en/best-running-shoes-road | /blog/en/marathon-nutrition-guide,3,58,1,1,1,1
/blog/en/best-road-running-shoes,50,146,1,10,18,2559,https://www.correrjuntos.com/blog/en/best-road-running-shoes,1,1,"index, follow",0,1,1,13,0,1,10,0,11,2,19,6,30,29,1,1,,4,75,1,1,1,1
/blog/en/best-running-apps,58,157,1,8,11,2032,https://www.correrjuntos.com/blog/en/best-running-apps,1,1,"index, follow",0,1,1,3,0,1,0,0,1,2,10,9,20,18,1,1,,4,51,1,1,1,1
/blog/en/best-running-headphones,54,148,1,8,12,1572,https://www.correrjuntos.com/blog/en/best-running-headphones,1,1,"index, follow",0,1,1,11,0,1,8,0,9,2,7,5,32,14,1,1,,3,52,1,1,1,1
/blog/en/best-running-routes-barcelona,51,151,1,11,17,2801,https://www.correrjuntos.com/blog/mejores-rutas-correr-barcelona,0,1,"index, follow",0,1,1,3,0,1,0,0,1,2,12,6,11,2,1,1,,3,51,1,1,1,1
/blog/en/best-running-routes-madrid,51,141,1,11,17,2727,https://www.correrjuntos.com/blog/en/best-running-routes-madrid,1,1,"index, follow",0,1,1,3,0,1,0,0,1,2,12,6,11,5,1,1,,3,50,1,1,1,1
/blog/en/best-running-routes-malaga,62,151,1,10,18,2696,https://www.correrjuntos.com/blog/mejores-rutas-correr-malaga,0,1,"index, follow",0,1,1,3,0,1,0,0,1,2,11,9,15,2,1,1,,3,58,1,1,1,0
/blog/en/best-running-routes-sevilla,63,142,1,10,17,2756,https://www.correrjuntos.com/blog/mejores-rutas-correr-sevilla,0,1,"index, follow",0,1,1,3,0,1,0,0,1,2,10,7,15,2,1,1,,3,52,1,1,1,0
/blog/en/best-running-routes-valencia,65,143,1,11,17,2717,https://www.correrjuntos.com/blog/mejores-rutas-correr-valencia,0,1,"index, follow",0,1,1,3,0,1,0,0,1,2,11,6,11,2,1,1,,3,50,1,1,1,1
/blog/en/best-running-shoes-beginners,54,139,1,11,22,2610,https://www.correrjuntos.com/blog/en/best-running-shoes-beginners,1,1,"index, follow",0,1,1,9,0,1,6,0,7,2,9,5,20,10,1,1,,3,55,1,1,1,1
/blog/en/best-running-shoes-neutral-gait,51,153,1,10,20,1961,https://www.correrjuntos.com/blog/en/best-running-shoes-neutral-gait,1,1,"index, follow",0,1,1,3,0,1,0,0,1,2,22,5,14,20,1,0,,3,57,1,1,1,1
/blog/en/best-running-shoes-overweight,58,129,1,12,22,4513,https://www.correrjuntos.com/blog/en/best-running-shoes-overweight,1,1,"index, follow",0,1,1,10,0,1,7,0,8,2,15,5,26,1,1,1,,4,66,1,1,1,1
/blog/en/best-running-shoes-supinators,53,153,1,10,20,1816,https://www.correrjuntos.com/blog/en/best-running-shoes-supinators,1,1,"index, follow",0,1,1,8,0,1,5,0,6,2,23,5,11,15,1,0,,3,62,1,1,1,1
/blog/en/best-supplements-runners,50,154,1,13,18,2745,https://www.correrjuntos.com/blog/en/best-supplements-runners,1,1,"index, follow",0,1,1,3,0,1,0,0,1,2,11,7,26,16,1,1,,4,68,1,1,1,1
/blog/en/best-surfaces-for-running,52,136,1,12,14,3242,https://www.correrjuntos.com/blog/en/best-surfaces-for-running,1,1,"index, follow",0,1,1,3,0,1,0,0,1,2,12,4,13,1,1,0,,3,50,1,1,1,1
/blog/en/best-time-to-run,53,151,1,9,10,2054,https://www.correrjuntos.com/blog/en/best-time-to-run,1,1,"index, follow",0,1,1,3,0,1,0,0,1,2,9,6,17,4,1,0,/blog/en/start-running-beginners-guide,3,48,1,1,1,1
/blog/en/best-trail-running-shoes,53,156,1,9,17,2518,https://www.correrjuntos.com/blog/en/best-trail-running-shoes,1,1,"index, follow",0,1,1,13,0,1,10,0,11,2,9,6,28,2,1,0,,3,57,1,1,1,1
/blog/en/best-trekking-poles-trail-running,65,157,1,10,13,1586,https://www.correrjuntos.com/blog/en/best-trekking-poles-trail-running,1,1,"index, follow",0,1,1,3,0,1,0,0,1,2,20,5,6,14,1,0,,3,55,1,1,1,1
/blog/en/best-value-gps-running-watch,48,133,1,13,19,4455,https://www.correrjuntos.com/blog/en/best-value-gps-running-watch,1,1,"index, follow",0,1,1,9,0,1,6,0,7,2,12,5,28,1,1,1,,3,60,1,1,1,1
/blog/en/best-womens-running-shoes,53,136,1,11,23,4184,https://www.correrjuntos.com/blog/en/best-womens-running-shoes,1,1,"index, follow",0,1,1,11,0,1,8,0,9,2,10,5,33,3,1,1,/blog/en/technical-running-clothing,4,63,1,1,1,1
/blog/en/bone-conduction-vs-in-ear-running,48,134,1,12,25,4272,https://www.correrjuntos.com/blog/en/bone-conduction-vs-in-ear-running,1,1,"index, follow",0,1,1,9,0,1,6,0,7,2,10,5,28,5,1,1,,3,63,1,1,1,1
/blog/en/caffeine-running-performance,61,136,1,14,38,5142,https://www.correrjuntos.com/blog/en/caffeine-running-performance,1,1,"index, follow",0,1,1,3,0,1,0,0,1,2,14,5,22,1,1,1,,4,62,1,1,1,1
/blog/en/common-running-mistakes,57,136,1,3,10,1064,https://www.correrjuntos.com/blog/en/common-running-mistakes,1,1,"index, follow",0,1,1,3,0,1,0,0,1,2,12,5,16,18,1,1,,4,44,1,1,1,1
/blog/en/coros-pace-3-review,59,140,1,15,27,5432,https://www.correrjuntos.com/blog/en/coros-pace-3-review,1,1,"index, follow",0,1,1,7,0,1,4,0,5,2,13,5,26,2,1,1,,4,62,1,1,1,1
/blog/en/couch-to-5k-plan,63,136,1,10,10,2135,https://www.correrjuntos.com/blog/en/couch-to-5k-plan,1,1,"index, follow",0,1,1,3,0,1,0,0,1,2,11,6,19,14,1,0,/blog/en/start-running-beginners-guide,4,55,1,1,1,1
/blog/en/creatine-for-runners,52,159,1,14,26,2986,https://www.correrjuntos.com/blog/en/creatine-for-runners,1,1,"index, follow",0,1,1,3,0,1,0,0,1,2,8,5,19,2,1,1,,4,54,1,1,1,1
/blog/en/find-people-to-run-with,62,139,1,11,10,2373,https://www.correrjuntos.com/blog/en/find-people-to-run-with,1,1,"index, follow",0,1,1,3,0,1,0,0,1,2,17,6,23,35,1,0,,4,63,1,1,1,1
/blog/en/find-runners-malaga,55,149,1,13,20,2926,https://www.correrjuntos.com/blog/en/find-runners-malaga,1,1,"index, follow",0,1,1,3,0,1,0,0,1,2,13,5,17,11,1,0,/blog/en/benefits-of-running-in-a-group | /blog/en/how-to-join-a-running-group,4,61,1,1,1,1
/blog/en/find-running-partners,45,149,1,9,30,3533,https://www.correrjuntos.com/blog/en/find-running-partners,1,1,"index, follow",0,1,1,3,0,1,0,0,1,2,12,7,21,1,1,0,,4,58,1,1,1,1
/blog/en/first-running-meetup,52,152,1,11,17,2281,https://www.correrjuntos.com/blog/en/first-running-meetup,1,1,"index, follow",0,1,1,3,0,1,0,0,1,2,14,7,20,11,1,0,,4,57,1,1,1,1
/blog/en/first-ultra-trail-guide,56,153,1,10,16,1967,https://www.correrjuntos.com/blog/en/first-ultra-trail-guide,1,1,"index, follow",0,1,1,3,0,1,0,0,1,2,22,5,6,15,1,0,,3,57,1,1,1,1
/blog/en/foam-rollers-runners,55,153,1,17,30,7017,https://www.correrjuntos.com/blog/en/foam-rollers-runners,1,1,"index, follow",0,1,1,10,0,1,7,0,8,2,11,5,31,4,1,1,,4,69,1,1,1,1
/blog/en/garmin-forerunner-265-vs-coros-pace-3,54,126,1,11,11,1405,https://www.correrjuntos.com/blog/en/garmin-forerunner-265-vs-coros-pace-3,1,1,"index, follow",0,1,1,3,0,1,0,0,1,2,7,5,20,15,1,1,,3,50,1,1,1,1
/blog/en/garmin-forerunner-55-review,55,153,1,15,13,5093,https://www.correrjuntos.com/blog/en/garmin-forerunner-55-review,1,1,"index, follow",0,1,1,6,0,1,3,0,4,2,12,5,23,1,1,1,,4,60,1,1,1,1
/blog/en/garmin-venu-3-review,53,139,1,13,27,4657,https://www.correrjuntos.com/blog/en/garmin-venu-3-review,1,1,"index, follow",0,1,1,4,0,1,1,0,2,2,13,5,23,1,1,1,,4,61,1,1,1,1
/blog/en/gps-navigation-trail-running,54,157,1,10,14,1749,https://www.correrjuntos.com/blog/en/gps-navigation-trail-running,1,1,"index, follow",0,1,1,3,0,1,0,0,1,2,20,5,6,13,1,0,,3,55,1,1,1,1
/blog/en/half-marathon-training-plan,52,147,1,12,11,1735,https://www.correrjuntos.com/blog/en/half-marathon-training-plan,1,1,"index, follow",0,1,1,3,0,1,0,0,1,2,6,5,17,14,1,1,/blog/en/beginner-running-guide | /blog/en/runner-nutrition,3,50,1,1,1,1
/blog/en/heart-rate-variability-running,61,150,1,20,39,7154,https://www.correrjuntos.com/blog/en/heart-rate-variability-running,1,1,"index, follow",0,1,1,3,0,1,0,0,1,2,18,5,19,5,1,1,,4,68,2,1,1,1
/blog/en/hoka-clifton-9-vs-bondi-8,65,128,1,12,10,1553,https://www.correrjuntos.com/blog/en/hoka-clifton-9-vs-bondi-8,1,1,"index, follow",0,1,1,3,0,1,0,0,1,2,6,5,22,7,1,1,,3,52,1,1,1,1
/blog/en/how-long-running-shoes-last,53,150,1,10,24,2036,https://www.correrjuntos.com/blog/en/how-long-running-shoes-last,1,1,"index, follow",0,1,1,3,0,1,0,0,1,2,21,5,14,18,1,0,,3,56,1,1,1,1
/blog/en/how-many-days-week-run,62,158,1,9,12,1846,https://www.correrjuntos.com/blog/en/how-many-days-week-run,1,1,"index, follow",0,1,1,3,0,1,0,0,1,2,10,6,19,14,1,0,/blog/en/start-running-beginners-guide,4,51,1,1,1,1
/blog/en/how-to-avoid-stomach-issues-running,57,147,1,10,17,1764,https://www.correrjuntos.com/blog/en/how-to-avoid-stomach-issues-running,1,1,"index, follow",0,1,1,3,0,1,0,0,1,2,22,5,10,14,1,0,,3,57,1,1,1,1
/blog/en/how-to-breathe-while-running,64,154,1,12,26,2185,https://www.correrjuntos.com/blog/en/how-to-breathe-while-running,1,1,"index, follow",0,1,1,3,0,1,0,0,1,2,10,5,14,7,1,1,/blog/empezar-a-correr-desde-cero,4,50,1,1,1,1
/blog/en/how-to-build-running-endurance,51,146,1,10,24,2184,https://www.correrjuntos.com/blog/en/how-to-build-running-endurance,1,1,"index, follow",0,1,1,3,0,1,0,0,1,2,10,4,11,7,1,0,/blog/en/hydration-running-complete-guide | /blog/en/runner-nutrition-guide,2,46,1,1,1,1
/blog/en/how-to-choose-gps-running-watch,54,158,1,11,14,1896,https://www.correrjuntos.com/blog/en/how-to-choose-gps-running-watch,1,1,"index, follow",0,1,1,8,0,1,5,0,6,2,9,5,26,9,1,1,,3,53,1,1,1,1
/blog/en/how-to-choose-running-shoes,58,157,1,10,19,1844,https://www.correrjuntos.com/blog/en/how-to-choose-running-shoes,1,1,"index, follow",0,1,1,3,0,1,0,0,1,2,23,5,14,30,1,0,,3,58,1,1,1,0
/blog/en/how-to-get-back-into-running,60,147,1,8,19,2502,https://www.correrjuntos.com/blog/en/how-to-get-back-into-running,1,1,"index, follow",0,1,1,3,0,1,0,0,1,2,7,4,17,1,1,0,/blog/en/beginners-guide-to-running | /blog/en/couch-to-5k | /blog/en/running-motivation,4,51,1,1,1,1
/blog/en/how-to-join-running-group,52,150,1,11,31,3004,https://www.correrjuntos.com/blog/en/how-to-join-running-group,1,1,"index, follow",0,1,1,3,0,1,0,0,1,2,10,6,18,8,1,0,/blog/en/running-alone-vs-with-others,4,51,2,1,1,1
/blog/en/how-to-prepare-first-5k-race,53,141,1,10,4,1274,https://www.correrjuntos.com/blog/en/how-to-prepare-first-5k-race,1,1,"index, follow",0,1,1,3,0,1,0,0,1,2,5,5,11,10,1,1,/blog/en/benefits-of-running-in-a-group | /blog/en/start-running-beginners-guide | /blog/en/stretches-before-after-running,3,42,1,1,1,1
/blog/en/how-to-run-faster,59,158,1,11,18,2105,https://www.correrjuntos.com/blog/en/how-to-run-faster,1,1,"index, follow",0,1,1,3,0,1,0,0,1,2,14,5,16,10,1,1,,3,54,1,1,1,1
/blog/en/how-to-start-running-beginners-guide,57,147,1,13,20,1894,https://www.correrjuntos.com/blog/en/how-to-start-running-beginners-guide,1,1,"index, follow",0,1,1,3,0,1,0,0,1,2,19,9,11,37,1,1,,3,61,1,1,1,1
/blog/en/how-to-warm-up-before-running,65,154,1,10,23,2292,https://www.correrjuntos.com/blog/en/how-to-warm-up-before-running,1,1,"index, follow",0,1,1,3,0,1,0,0,1,2,12,5,13,5,1,1,/blog/empezar-a-correr-desde-cero,3,50,1,1,1,1
/blog/en/,63,120,1,169,4,5886,https://www.correrjuntos.com/blog/en/,1,1,"index, follow",0,1,1,170,147,1,2,0,168,2,172,6,10,399,0,1,/blog/en/empezar-a-correr-guia-principiantes | /blog/en/mejores-zapatillas-running-asfalto | /blog/en/que-comer-antes-de-correr,2,207,2,0,1,1
/blog/en/intermittent-fasting-running,58,139,1,13,29,4218,https://www.correrjuntos.com/blog/en/intermittent-fasting-running,1,1,"index, follow",0,1,1,3,0,1,0,0,1,2,16,5,19,2,1,1,,4,58,1,1,1,1
/blog/en/iron-for-runners,56,156,1,10,15,1506,https://www.correrjuntos.com/blog/en/iron-for-runners,1,1,"index, follow",0,1,1,3,0,1,0,0,1,2,21,5,14,15,1,0,,3,56,1,1,1,1
/blog/en/is-it-ok-to-run-every-day,56,141,1,10,6,1584,https://www.correrjuntos.com/blog/en/is-it-ok-to-run-every-day,1,1,"index, follow",0,1,1,3,0,1,0,0,1,2,12,5,14,4,1,0,,3,49,1,1,1,1
/blog/en/jbl-reflect-flow-pro-review,51,158,1,18,22,5136,https://www.correrjuntos.com/blog/en/jbl-reflect-flow-pro-review,1,1,"index, follow",0,1,1,4,0,1,1,0,2,2,11,5,19,1,1,1,,3,62,1,1,1,1
/blog/en/knee-pain-while-running,60,148,1,11,21,2121,https://www.correrjuntos.com/blog/en/knee-pain-while-running,1,1,"index, follow",0,1,1,3,0,1,0,0,1,2,11,5,15,1,1,1,,4,51,1,1,1,1
/blog/en/loneliness-of-running,62,139,1,8,17,2068,https://www.correrjuntos.com/blog/en/loneliness-of-running,1,1,"index, follow",0,1,1,3,0,1,0,0,1,2,10,4,17,1,1,0,/blog/en/running-motivation,4,50,1,1,1,1
/blog/en/marathon-carb-loading,60,125,1,14,26,4677,https://www.correrjuntos.com/blog/en/marathon-carb-loading,1,1,"index, follow",0,1,1,3,0,1,0,0,1,2,17,5,20,3,1,1,,4,61,1,1,1,1
/blog/en/meet-people-through-sports,57,148,1,14,22,3369,https://www.correrjuntos.com/blog/en/meet-people-through-sports,1,1,"index, follow",0,1,1,3,0,1,0,0,1,2,11,7,18,7,1,0,/blog/en/running-alone-vs-with-others,4,55,2,1,1,1
/blog/en/new-balance-1080-vs-hoka-clifton,58,155,1,10,16,1528,https://www.correrjuntos.com/blog/en/new-balance-1080-vs-hoka-clifton,1,1,"index, follow",0,1,1,5,0,1,2,0,3,2,23,5,8,16,1,0,,3,59,1,1,1,1
/blog/en/nike-pegasus-41-vs-brooks-ghost-16,59,144,1,12,10,1684,https://www.correrjuntos.com/blog/en/nike-pegasus-41-vs-brooks-ghost-16,1,1,"index, follow",0,1,1,3,0,1,0,0,1,2,9,5,21,3,1,1,,3,54,1,1,1,1
/blog/en/no-one-to-run-with,55,157,1,12,10,2771,https://www.correrjuntos.com/blog/en/no-one-to-run-with,1,1,"index, follow",0,1,1,3,0,1,0,0,1,2,13,4,19,6,1,0,,3,57,1,1,1,1
/blog/en/nutrition-for-runners,61,143,1,11,6,1000,https://www.correrjuntos.com/blog/en/nutrition-for-runners,1,1,"index, follow",0,1,1,3,0,1,0,0,1,2,8,5,14,17,1,1,,3,47,1,1,1,1
/blog/en/plantar-fasciitis-runners,62,148,1,14,32,2775,https://www.correrjuntos.com/blog/en/plantar-fasciitis-runners,1,1,"index, follow",0,1,1,3,0,1,0,0,1,2,10,4,10,8,1,1,,2,43,1,1,1,1
/blog/en/polar-pacer-pro-review,57,143,1,15,23,4470,https://www.correrjuntos.com/blog/en/polar-pacer-pro-review,1,1,"index, follow",0,1,1,6,0,1,3,0,4,2,14,5,23,2,1,1,,3,63,1,1,1,1
/blog/en/post-run-recovery-nutrition,54,146,1,10,15,1457,https://www.correrjuntos.com/blog/en/post-run-recovery-nutrition,1,1,"index, follow",0,1,1,3,0,1,0,0,1,2,21,5,14,23,1,0,,3,56,1,1,1,1
/blog/en/post-run-stretches,64,123,1,9,13,1309,https://www.correrjuntos.com/blog/en/post-run-stretches,1,1,"index, follow",0,1,1,3,0,1,0,0,1,2,7,5,15,16,1,1,,3,43,1,1,1,1
/blog/en/prevent-running-injuries,52,151,1,15,32,4407,https://www.correrjuntos.com/blog/en/prevent-running-injuries,1,1,"index, follow",0,1,1,3,0,1,0,0,1,2,17,5,14,20,1,1,,3,62,1,1,1,0
/blog/en/protein-for-runners,59,121,1,14,40,5070,https://www.correrjuntos.com/blog/en/protein-for-runners,1,1,"index, follow",0,1,1,3,0,1,0,0,1,2,16,5,22,4,1,1,,4,64,1,1,1,1
/blog/en/quick-recipes-for-runners,52,132,1,10,20,1629,https://www.correrjuntos.com/blog/en/quick-recipes-for-runners,1,1,"index, follow",0,1,1,3,0,1,0,0,1,2,22,5,14,19,1,0,,3,57,1,1,1,1
/blog/en/race-day-nutrition,56,124,1,11,5,963,https://www.correrjuntos.com/blog/en/race-day-nutrition,1,1,"index, follow",0,1,1,3,0,1,0,0,1,2,7,5,19,13,1,1,,4,52,1,1,1,1
/blog/en/return-to-running-after-injury,51,153,1,10,28,4256,https://www.correrjuntos.com/blog/en/return-to-running-after-injury,1,1,"index, follow",0,1,1,3,0,1,0,0,1,2,10,4,13,3,1,0,,3,45,1,1,1,0
/blog/en/runner-diet-what-to-eat,55,144,1,14,28,4381,https://www.correrjuntos.com/blog/en/runner-diet-what-to-eat,1,1,"index, follow",0,1,1,3,0,1,0,0,1,2,18,5,19,35,1,1,/blog/en/hydration-running-complete-guide,4,63,1,1,1,1
/blog/en/runners-knee,63,172,1,14,35,4089,https://www.correrjuntos.com/blog/en/runners-knee,1,1,"index, follow",0,1,1,3,0,1,0,0,1,2,14,4,10,10,1,1,,3,47,1,1,1,1
/blog/en/running-alone-vs-group,64,152,1,11,21,2194,https://www.correrjuntos.com/blog/en/running-alone-vs-group,1,1,"index, follow",0,1,1,3,0,1,0,0,1,2,15,6,19,16,1,0,,4,57,1,1,1,1
/blog/en/running-and-gym-same-day,52,143,1,10,7,1524,https://www.correrjuntos.com/blog/en/running-and-gym-same-day,1,1,"index, follow",0,1,1,3,0,1,0,0,1,2,12,5,14,2,1,0,,3,49,1,1,1,1
/blog/en/running-at-night-safety-tips,63,117,1,10,18,1645,https://www.correrjuntos.com/blog/en/running-at-night-safety-tips,1,1,"index, follow",0,1,1,3,0,1,0,0,1,2,11,4,13,6,1,0,/blog/en/bone-conduction-vs-in-ear-headphones-running | /blog/en/winter-running-guide,3,50,1,1,1,1
/blog/en/running-before-or-after-eating,56,138,1,11,7,1965,https://www.correrjuntos.com/blog/en/running-before-or-after-eating,1,1,"index, follow",0,1,1,3,0,1,0,0,1,2,14,4,12,1,1,0,,3,47,1,1,1,1
/blog/en/running-belts,47,147,1,12,23,3401,https://www.correrjuntos.com/blog/en/running-belts,1,1,"index, follow",0,1,1,10,0,1,7,0,8,2,9,5,23,3,1,1,,3,50,1,1,1,1
/blog/en/running-caps,43,153,1,20,41,6326,https://www.correrjuntos.com/blog/en/running-caps,1,1,"index, follow",0,1,1,9,0,1,6,0,7,2,9,5,32,3,1,1,,3,70,1,1,1,1
/blog/en/running-groups-near-me,59,157,1,10,31,3401,https://www.correrjuntos.com/blog/en/running-groups-near-me,1,1,"index, follow",0,1,1,3,0,1,0,0,1,2,13,8,23,1,1,0,,3,60,1,1,1,1
/blog/en/running-groups-seville,61,151,1,13,17,3554,https://www.correrjuntos.com/blog/en/running-groups-seville,1,1,"index, follow",0,1,1,3,0,1,0,0,1,2,10,6,20,11,1,0,/blog/en/benefits-of-running-in-a-group | /blog/en/best-running-routes-seville | /blog/en/join-a-running-group,4,62,1,1,1,1
/blog/en/running-headlamps,51,137,1,15,24,4369,https://www.correrjuntos.com/blog/en/running-headlamps,1,1,"index, follow",0,1,1,9,0,1,6,0,7,2,10,5,22,3,1,1,,3,54,1,1,1,1
/blog/en/running-hydration-complete-guide,54,154,1,14,26,5276,https://www.correrjuntos.com/blog/en/running-hydration-complete-guide,1,1,"index, follow",0,1,1,3,0,1,0,0,1,2,10,5,20,10,1,1,/blog/en/best-energy-gels-marathon,4,66,1,1,1,1
/blog/en/running-hydration-vests,54,158,1,13,32,5612,https://www.correrjuntos.com/blog/en/running-hydration-vests,1,1,"index, follow",0,1,1,8,0,1,5,0,6,2,9,5,29,3,1,1,,4,82,1,1,1,1
/blog/en/running-in-summer-heat,58,135,1,11,7,1592,https://www.correrjuntos.com/blog/en/running-in-summer-heat,1,1,"index, follow",0,1,1,3,0,1,0,0,1,2,12,5,11,6,1,0,/blog/en/running-at-night-tips,2,44,1,1,1,1
/blog/en/running-in-winter,60,148,1,19,14,2493,https://www.correrjuntos.com/blog/en/running-in-winter,1,1,"index, follow",0,1,1,3,0,1,0,0,1,2,7,5,11,14,1,1,/blog/en/benefits-of-running-in-a-group | /blog/en/stretches-before-after-running | /blog/en/technical-running-clothing,3,54,1,1,1,1
/blog/en/running-is-social-fitness-trend,52,134,1,8,17,2854,https://www.correrjuntos.com/blog/en/running-is-social-fitness-trend,1,1,"index, follow",0,1,1,3,0,1,0,0,1,2,10,4,12,1,1,0,/blog/en/best-apps-group-running,4,49,1,1,1,1
/blog/en/running-meetups-barcelona,52,159,1,12,20,2312,https://www.correrjuntos.com/blog/en/running-meetups-barcelona,1,1,"index, follow",0,1,1,3,0,1,0,0,1,2,15,4,16,4,1,0,/blog/en/benefits-of-running-in-a-group | /blog/en/how-to-join-a-running-group,4,60,1,1,1,0
/blog/en/running-motivation-tips,60,155,1,15,6,2496,https://www.correrjuntos.com/blog/en/running-motivation-tips,1,1,"index, follow",0,1,1,3,0,1,0,0,1,2,13,6,18,10,1,0,/blog/en/start-running-beginners-guide,3,60,1,1,1,1
/blog/en/running-overweight-guide,52,145,1,14,6,2503,https://www.correrjuntos.com/blog/en/running-overweight-guide,1,1,"index, follow",0,1,1,3,0,1,0,0,1,2,13,6,18,9,1,0,/blog/en/start-running-beginners-guide,4,59,1,1,1,1
/blog/en/running-pace-for-beginners,52,149,1,12,4,1857,https://www.correrjuntos.com/blog/en/running-pace-for-beginners,1,1,"index, follow",0,1,1,3,0,1,0,0,1,2,12,4,10,10,1,0,/blog/en/start-running-beginners-guide,3,47,1,1,1,1
/blog/en/running-power,50,155,1,18,59,6507,https://www.correrjuntos.com/blog/en/running-power,1,1,"index, follow",0,1,1,3,0,1,0,0,1,2,12,5,20,3,1,1,,4,60,1,1,1,1
/blog/en/running-rain-jackets,54,152,1,17,34,5708,https://www.correrjuntos.com/blog/en/running-rain-jackets,1,1,"index, follow",0,1,1,10,0,1,7,0,8,2,10,5,31,1,1,1,,3,66,1,1,1,1
/blog/en/running-shoe-drop-explained,52,152,1,10,19,1751,https://www.correrjuntos.com/blog/en/running-shoe-drop-explained,1,1,"index, follow",0,1,1,3,0,1,0,0,1,2,23,5,9,23,1,0,,3,58,1,1,1,1
/blog/en/running-shoes-overpronators,52,135,1,12,28,4159,https://www.correrjuntos.com/blog/en/running-shoes-overpronators,1,1,"index, follow",0,1,1,10,0,1,7,0,8,2,13,5,26,2,1,1,,4,64,1,1,1,1
/blog/en/running-shoes-vs-regular-shoes,58,135,1,10,14,1459,https://www.correrjuntos.com/blog/en/running-shoes-vs-regular-shoes,1,1,"index, follow",0,1,1,3,0,1,0,0,1,2,14,5,6,8,1,0,/blog/en/knee-pain-running,3,50,1,1,1,1
/blog/en/running-socks,44,154,1,18,41,6311,https://www.correrjuntos.com/blog/en/running-socks,1,1,"index, follow",0,1,1,10,0,1,7,0,8,2,8,5,33,2,1,1,,3,67,1,1,1,1
/blog/en/running-soft-flasks,62,158,1,5,9,1646,https://www.correrjuntos.com/blog/en/running-soft-flasks,1,1,"index, follow",0,1,1,11,0,1,8,0,9,2,4,5,30,1,1,0,,3,50,1,1,1,1
/blog/en/running-sunglasses,49,130,1,10,16,2375,https://www.correrjuntos.com/blog/en/running-sunglasses,1,1,"index, follow",0,1,1,11,0,1,8,0,9,2,9,5,30,2,1,0,,3,58,1,1,1,1
/blog/en/running-technical-clothing,61,154,1,12,17,3029,https://www.correrjuntos.com/blog/en/running-technical-clothing,1,1,"index, follow",0,1,1,3,0,1,0,0,1,2,11,5,26,7,1,1,,3,68,1,1,1,1
/blog/en/running-tights,62,152,1,19,50,7516,https://www.correrjuntos.com/blog/en/running-tights,1,1,"index, follow",0,1,1,11,0,1,8,0,9,2,11,5,35,1,1,1,,4,72,1,1,1,1
/blog/en/running-to-lose-weight,61,154,1,11,10,2301,https://www.correrjuntos.com/blog/en/running-to-lose-weight,1,1,"index, follow",0,1,1,3,0,1,0,0,1,2,11,6,19,10,1,0,/blog/en/start-running-beginners-guide,4,55,1,1,1,1
/blog/en/running-water-bottles,64,150,1,5,9,1645,https://www.correrjuntos.com/blog/en/running-water-bottles,1,1,"index, follow",0,1,1,11,0,1,8,0,9,2,4,5,30,1,1,0,,3,50,1,1,1,1
/blog/en/running-while-pregnant-guide,57,146,1,12,22,3750,https://www.correrjuntos.com/blog/en/running-while-pregnant-guide,1,1,"index, follow",0,1,1,3,0,1,0,0,1,2,14,4,13,1,1,0,,3,48,1,1,1,1
/blog/en/running-with-music-benefits,61,134,1,11,15,2687,https://www.correrjuntos.com/blog/en/running-with-music-benefits,1,1,"index, follow",0,1,1,3,0,1,0,0,1,2,11,4,13,1,1,0,/blog/en/best-running-apps-groups,3,50,1,1,1,1
/blog/en/running-with-others-cadiz,53,152,1,13,18,2644,https://www.correrjuntos.com/blog/en/running-with-others-cadiz,1,1,"index, follow",0,1,1,3,0,1,0,0,1,2,11,5,17,6,1,0,/blog/en/benefits-of-running-in-a-group | /blog/en/join-a-running-group,4,59,1,1,1,0
/blog/en/running-with-your-dog-canicross,60,159,1,10,21,4478,https://www.correrjuntos.com/blog/en/running-with-your-dog-canicross,1,1,"index, follow",0,1,1,3,0,1,0,0,1,2,12,4,13,1,1,0,,3,47,1,1,1,1
/blog/en/safety-running-with-strangers,58,181,1,12,29,3082,https://www.correrjuntos.com/blog/en/safety-running-with-strangers,1,1,"index, follow",0,1,1,3,0,1,0,0,1,2,9,7,18,12,1,0,/blog/en/running-alone-vs-with-others,4,51,2,1,1,1
/blog/en/salomon-speedcross-6-vs-hoka-speedgoat-6,40,143,1,12,11,1974,https://www.correrjuntos.com/blog/en/salomon-speedcross-6-vs-hoka-speedgoat-6,1,1,"index, follow",0,1,1,3,0,1,0,0,1,2,6,5,18,1,1,1,,3,50,1,1,1,1
/blog/en/shin-splints-running,57,152,1,14,36,4402,https://www.correrjuntos.com/blog/en/shin-splints-running,1,1,"index, follow",0,1,1,3,0,1,0,0,1,2,12,4,10,5,1,1,,2,45,1,1,1,1
/blog/en/shokz-openrun-pro-2-review,63,153,1,19,24,4990,https://www.correrjuntos.com/blog/en/shokz-openrun-pro-2-review,1,1,"index, follow",0,1,1,4,0,1,1,0,2,2,12,5,19,5,1,1,,3,76,1,1,1,1
/blog/en/side-stitch-while-running,59,144,1,9,12,1664,https://www.correrjuntos.com/blog/en/side-stitch-while-running,1,1,"index, follow",0,1,1,3,0,1,0,0,1,2,13,4,7,5,1,0,,1,33,1,1,1,0
/blog/en/smartwatch-vs-gps-watch-running,55,150,1,16,23,5910,https://www.correrjuntos.com/blog/en/smartwatch-vs-gps-watch-running,1,1,"index, follow",0,1,1,7,0,1,4,0,5,2,18,5,25,1,1,1,,4,69,1,1,1,1
/blog/en/sore-muscles-after-running,63,146,1,11,13,1965,https://www.correrjuntos.com/blog/en/sore-muscles-after-running,1,1,"index, follow",0,1,1,3,0,1,0,0,1,2,14,5,14,5,1,0,,3,50,1,1,1,1
/blog/en/start-running-after-40,64,153,1,11,8,2046,https://www.correrjuntos.com/blog/en/start-running-after-40,1,1,"index, follow",0,1,1,3,0,1,0,0,1,2,12,5,14,4,1,0,,3,49,1,1,1,1
/blog/en/start-running-after-50,56,153,1,10,19,3728,https://www.correrjuntos.com/blog/en/start-running-after-50,1,1,"index, follow",0,1,1,3,0,1,0,0,1,2,13,4,13,1,1,0,,3,47,1,1,1,0
/blog/en/start-running-when-embarrassed,62,154,1,12,12,3152,https://www.correrjuntos.com/blog/en/start-running-when-embarrassed,1,1,"index, follow",0,1,1,3,0,1,0,0,1,2,7,4,16,1,1,0,/blog/en/beginner-running-guide | /blog/en/couch-to-5k,4,52,1,1,1,1
/blog/en/start-trail-running,63,148,1,21,31,5400,https://www.correrjuntos.com/blog/empezar-trail-running,0,1,"index, follow",0,1,1,4,1,1,0,0,2,2,18,5,13,25,1,1,,4,69,1,1,1,1
/blog/en/strava-vs-garmin-connect,62,150,1,24,40,5229,https://www.correrjuntos.com/blog/en/strava-vs-garmin-connect,1,1,"index, follow",0,1,1,3,0,1,0,0,1,2,17,5,15,1,1,1,,4,66,1,1,1,1
/blog/en/stretching-before-after-running,54,143,1,9,13,1178,https://www.correrjuntos.com/blog/en/stretching-before-after-running,1,1,"index, follow",0,1,1,3,0,1,0,0,1,2,8,5,11,10,1,1,,3,38,1,1,1,1
/blog/en/trail-races-beginners,51,152,1,20,39,7010,https://www.correrjuntos.com/blog/en/trail-races-beginners,1,1,"index, follow",0,1,1,3,0,1,0,0,1,2,16,5,17,1,1,1,,3,66,1,1,1,1
/blog/en/trail-running-backpacks,62,158,1,5,9,1728,https://www.correrjuntos.com/blog/en/trail-running-backpacks,1,1,"index, follow",0,1,1,11,0,1,8,0,9,2,4,5,30,1,1,0,,3,50,1,1,1,1
/blog/en/trail-running-gear,59,153,1,16,49,6348,https://www.correrjuntos.com/blog/en/trail-running-gear,1,1,"index, follow",0,1,1,11,0,1,8,0,9,2,10,5,29,2,1,1,,3,65,1,1,1,1
/blog/en/trail-running-nutrition,54,151,1,10,15,1920,https://www.correrjuntos.com/blog/en/trail-running-nutrition,1,1,"index, follow",0,1,1,3,0,1,0,0,1,2,20,5,14,17,1,0,,3,55,1,1,1,1
/blog/en/trail-running-safety,53,155,1,10,15,1857,https://www.correrjuntos.com/blog/en/trail-running-safety,1,1,"index, follow",0,1,1,3,0,1,0,0,1,2,21,5,14,17,1,0,,3,56,1,1,1,1
/blog/en/trail-running-training-plan,51,147,1,10,12,1759,https://www.correrjuntos.com/blog/en/trail-running-training-plan,1,1,"index, follow",0,1,1,3,0,1,0,0,1,2,21,5,14,19,1,0,,3,56,1,1,1,1
/blog/en/trail-vs-road-running,60,151,1,18,38,4943,https://www.correrjuntos.com/blog/diferencias-trail-vs-asfalto,0,1,"index, follow",0,1,1,3,0,1,0,0,1,2,14,5,16,4,1,1,,4,64,1,1,1,1
/blog/en/treadmill-vs-outdoor-running,61,137,1,10,6,1461,https://www.correrjuntos.com/blog/en/treadmill-vs-outdoor-running,1,1,"index, follow",0,1,1,3,0,1,0,0,1,2,12,5,12,3,1,0,,5,49,1,1,1,1
/blog/en/uphill-downhill-running-technique,57,155,1,10,15,1777,https://www.correrjuntos.com/blog/en/uphill-downhill-running-technique,1,1,"index, follow",0,1,1,3,0,1,0,0,1,2,20,5,6,16,1,0,,3,55,1,1,1,1
/blog/en/vegetarian-diet-for-runners,65,152,1,10,14,1529,https://www.correrjuntos.com/blog/en/vegetarian-diet-for-runners,1,1,"index, follow",0,1,1,3,0,1,0,0,1,2,22,5,14,13,1,0,,3,57,1,1,1,1
/blog/en/walking-vs-running,65,132,1,13,6,2394,https://www.correrjuntos.com/blog/en/walking-vs-running,1,1,"index, follow",0,1,1,3,0,1,0,0,1,2,14,6,18,5,1,0,/blog/en/start-running-beginners-guide,4,58,1,1,1,1
/blog/en/waterproof-headphones-running-swimming,61,158,1,18,31,5840,https://www.correrjuntos.com/blog/en/waterproof-headphones-running-swimming,1,1,"index, follow",0,1,1,9,0,1,6,0,7,2,12,5,35,1,1,1,,3,76,1,1,1,1
/blog/en/what-energy-gel-marathon,58,145,1,12,25,4018,https://www.correrjuntos.com/blog/en/what-energy-gel-marathon,1,1,"index, follow",0,1,1,3,0,1,0,0,1,2,11,5,20,8,1,1,,4,58,1,1,1,1
/blog/en/what-to-eat-before-running,56,137,1,12,17,1696,https://www.correrjuntos.com/blog/en/what-to-eat-before-running,1,1,"index, follow",0,1,1,3,0,1,0,0,1,2,12,5,19,3,1,1,,4,55,1,1,1,1
/blog/en/what-to-wear-running-by-temperature,58,128,1,11,13,3694,https://www.correrjuntos.com/blog/en/what-to-wear-running-by-temperature,1,1,"index, follow",0,1,1,3,0,1,0,0,1,2,12,4,13,2,1,0,,3,46,1,1,1,1
/blog/en/which-running-shoes-by-level,51,143,1,12,26,4621,https://www.correrjuntos.com/blog/en/which-running-shoes-by-level,1,1,"index, follow",0,1,1,12,0,1,9,0,10,2,16,5,27,1,1,1,,3,70,1,1,1,1
/blog/en/why-group-running-is-addictive,53,129,1,8,12,1828,https://www.correrjuntos.com/blog/en/why-group-running-is-addictive,1,1,"index, follow",0,1,1,3,0,1,0,0,1,2,10,4,13,3,1,0,/blog/en/best-apps-group-running,4,50,1,1,1,1
/blog/en/why-people-quit-running-3-months,58,150,1,12,8,2405,https://www.correrjuntos.com/blog/en/why-people-quit-running-3-months,1,1,"index, follow",0,1,1,3,0,1,0,0,1,2,10,4,17,1,1,0,/blog/en/couch-to-5k-guide,4,54,1,1,1,1
/blog/en/zone-training-running,61,146,1,19,52,5068,https://www.correrjuntos.com/blog/en/zone-training-running,1,1,"index, follow",0,1,1,3,0,1,0,0,1,2,17,5,12,9,1,1,,3,59,1,1,1,1
/blog/en/categoria/,28,45,1,0,1,86,https://www.correrjuntos.com/blog/en/categoria/,1,1,"index, follow",0,1,1,1,0,1,0,0,0,1,4,2,4,0,,1,,2,22,0,0,0,0
/blog/en/equipment/best-heart-rate-chest-straps-armbands-running/,88,173,1,5,13,1071,https://www.correrjuntos.com/blog/en/equipment/best-heart-rate-chest-straps-armbands-running,1,1,"index, follow",0,1,1,11,10,0,11,10,10,1,3,2,10,0,,0,/blog/en/equipment/,1,31,0,1,1,0
/blog/en/hybrid-athletes/best-crossfit-backpacks-2026/,53,120,1,7,15,1537,https://www.correrjuntos.com/blog/en/hybrid-athletes/best-crossfit-backpacks-2026,1,1,"index, follow",0,1,1,11,0,0,11,0,10,1,6,2,10,0,,1,/blog/en/hybrid-athletes,2,32,0,1,1,1
/blog/en/running/best-running-shoes-to-start-running-2026/,14,0,0,0,0,1,https://www.correrjuntos.com/blog/en/running-shoes/best-running-shoes-to-start-running-2026,0,1,,0,0,0,0,0,0,0,0,0,0,0,0,0,0,,0,,0,0,0,0,0,0
/blog/en/running/how-to-start-running-from-scratch/,65,144,1,10,8,728,https://www.correrjuntos.com/blog/en/running/how-to-start-running-from-scratch,1,1,"index, follow",0,1,1,5,3,0,1,0,4,1,3,2,4,0,,1,/blog/en/running/,2,30,0,1,1,1
/blog/en/running-shoes/best-running-shoes-to-start-running-2026/,65,154,1,6,14,1260,https://www.correrjuntos.com/blog/en/running-shoes/best-running-shoes-to-start-running-2026,1,1,"index, follow",0,1,1,11,0,0,11,0,10,1,3,2,10,0,,1,/blog/en/running-shoes/,1,32,0,1,1,1
/blog/en/training/16-week-marathon-plan-sub4h,53,133,1,9,10,731,https://www.correrjuntos.com/blog/en/training/16-week-marathon-plan-sub4h,1,1,"index, follow",0,1,1,10,0,0,0,0,9,1,6,2,0,0,,1,/blog/en/training/,3,36,0,1,1,0
/blog/entrenamiento/correr-durante-menstruacion-guia-completa-runners,49,153,1,9,24,2265,https://www.correrjuntos.com/blog/entrenamiento/correr-durante-menstruacion-guia-completa-runners,1,1,"index, follow",0,1,1,15,1,0,10,0,13,2,5,2,10,3,1,1,,3,41,0,1,1,0
/blog/entrenamiento/,36,118,1,4,0,134,https://www.correrjuntos.com/blog/entrenamiento,1,1,"index, follow",0,1,1,4,4,0,0,0,4,0,6,1,0,2,2,0,,1,11,0,0,0,0
/blog/entrenamiento/plan-maraton-16-semanas-sub4h,65,152,1,17,21,2719,https://www.correrjuntos.com/blog/entrenamiento/plan-maraton-16-semanas-sub4h,1,1,"index, follow",0,1,1,11,1,0,0,0,9,2,13,2,0,3,1,1,,4,54,1,1,1,0
/blog/equipamiento/las-10-mejores-gafas-deportivas-para-correr-en-2026/,66,134,1,8,15,1850,https://www.correrjuntos.com/blog/equipamiento/las-10-mejores-gafas-deportivas-para-correr-en-2026,1,1,"index, follow",0,1,1,12,0,0,11,0,11,1,9,2,10,0,,1,,1,40,0,1,1,1
/blog/equipamiento/mejores-bandas-frecuencia-cardiaca-running/,106,188,1,5,13,1208,https://www.correrjuntos.com/blog/equipamiento/mejores-bandas-frecuencia-cardiaca-running,1,1,"index, follow",0,1,1,11,10,0,11,10,10,1,3,2,10,1,2,0,/blog/equipamiento/,1,31,0,1,1,0
/blog/running/como-empezar-a-correr-desde-cero/,63,167,1,10,8,823,https://www.correrjuntos.com/blog/running/como-empezar-a-correr-desde-cero,1,1,"index, follow",0,1,1,5,3,0,1,0,4,1,3,2,4,0,,1,/blog/running/,1,30,0,1,1,1
/blog/running/mejores-zapatillas-empezar-correr-2026/,15,0,0,0,0,1,https://www.correrjuntos.com/blog/zapatillas/mejores-zapatillas-empezar-correr-2026,0,1,,0,0,0,0,0,0,0,0,0,0,0,0,0,0,,0,,0,0,0,0,0,0
/blog/zapatillas/,25,66,0,0,0,5,https://www.correrjuntos.com/blog/?cat=zapatillas,0,1,"index, follow",0,0,0,0,0,0,0,0,0,0,1,0,0,1,2,0,,0,1,0,0,0,0
/blog/zapatillas/mejores-zapatillas-empezar-correr-2026/,70,177,1,6,14,1433,https://www.correrjuntos.com/blog/zapatillas/mejores-zapatillas-empezar-correr-2026,1,1,"index, follow",0,1,1,11,0,0,11,0,10,1,4,2,10,1,1,1,,1,32,0,1,1,1
