Consultas principales,Clics,Impresiones,CTR,Posición
correr juntos,110,186,59.14%,1.19
trail costa quebrada 2026,58,108,53.7%,2.35
cursa de la merce 2026,26,289,9%,5.5
jean bouin 2026,14,645,2.17%,7.25
cursa merce 2026,14,169,8.28%,5.35
carrera de las empresas madrid 2026,10,94,10.64%,5.15
cursa bombers barcelona 2026,4,201,1.99%,8.79
cursa jean bouin 2026,4,122,3.28%,8.04
grupos de running,4,82,4.88%,36.77
cursa la merce 2026,4,72,5.56%,5.61
salomon speedcross 6 vs hoka speedgoat 6,4,51,7.84%,3.92
carrera de empresas madrid 2026,4,33,12.12%,4.3
plan para empezar a correr a los 60 años,3,51,5.88%,7.25
hoka speedgoat 6 vs salomon speedcross 6,3,38,7.89%,3.58
asics novablast 5 vs hoka clifton 10,3,36,8.33%,13.75
empezar a correr a los 60,3,32,9.38%,9.34
nocturna del guadalquivir 2026,3,30,10%,6.17
zapatillas para deka,3,22,13.64%,6
mejores zapatillas para deka,3,18,16.67%,4.33
best trail running shoes 2026,3,10,30%,18.5
parkrun barcelona,2,80,2.5%,9.82
san silvestre vallecana 2026,2,73,2.74%,7.82
mejores auriculares para correr,2,49,4.08%,21.35
parkrun seville,2,46,4.35%,7.07
hoka clifton 10 vs asics novablast 5,2,42,4.76%,10.02
grupos de running madrid gratis,2,42,4.76%,13.17
donde correr en granada,2,40,5%,9.72
garmin connect vs strava,2,38,5.26%,11.29
best running shoes under 100 euro,2,19,10.53%,8.68
carrera de las empresas 2026 madrid,2,17,11.76%,6.59
polar pacer pro review,2,15,13.33%,30.4
running montevideo,2,14,14.29%,9.57
running clubs barcelona,2,14,14.29%,11.57
ritmo running principiante,2,11,18.18%,8.45
carrera de empresas 2026,2,10,20%,3
carrera nocturna sevilla 2026 inscripcion,2,10,20%,6.3
sevilla running club,2,9,22.22%,9.33
nike pegasus 41 vs asics nimbus 26,2,8,25%,4.62
madrid marathon 2026 elevation gain,2,8,25%,5.12
grupos para correr,2,8,25%,5.5
grupo de corredores,2,5,40%,9
empezar a correr desde cero a los 60,2,4,50%,5
grupos de running cerca de mi,2,4,50%,6.75
quedadas running bilbao,2,3,66.67%,2
plan maraton 3h30,2,2,100%,33.5
volta a peu valencia 2026,1,606,0.17%,10.02
garmin venu 3 review,1,169,0.59%,44.96
best running cap,1,139,0.72%,22.24
madrid marathon elevation gain,1,133,0.75%,9.43
strava vs garmin connect,1,111,0.9%,12.03
best running caps,1,109,0.92%,36.41
mejores zapatillas running asfalto,1,60,1.67%,18.4
la jean bouin 2026,1,53,1.89%,5.64
madrid marathon elevation,1,43,2.33%,9.35
cursa de la mercè 2026,1,41,2.44%,7.02
seville parkrun,1,37,2.7%,8.7
half marathon training plan,1,29,3.45%,56.07
new balance 1080 vs hoka clifton 10,1,26,3.85%,10.38
hoka clifton 10 vs novablast 5,1,26,3.85%,13.46
clifton 10 vs novablast 5,1,25,4%,16.24
quedadas running barcelona,1,23,4.35%,6.48
carrera de las empresas 2026,1,20,5%,3.35
asics gel nimbus vs nike pegasus,1,20,5%,7.95
carrer corte ingles,1,19,5.26%,8
running club barcelona,1,19,5.26%,14.53
best soft flask,1,18,5.56%,13.33
club running granada,1,17,5.88%,8.41
seville park run,1,17,5.88%,9
how to start running training for beginners,1,16,6.25%,4.5
running vigo,1,16,6.25%,11.44
carrera empresas madrid 2026,1,15,6.67%,3.2
run club barcelona,1,14,7.14%,9.64
grupos de running en montevideo,1,13,7.69%,5.85
nike pegasus 41 vs brooks ghost 16,1,13,7.69%,8.15
hoka clifton 10 vs new balance 1080,1,13,7.69%,10.85
san silvestre 2026 madrid,1,11,9.09%,8
best running shoes for neutral feet,1,11,9.09%,46.36
10 km con 60 años,1,10,10%,10
madrid marathon 2026 expo,1,10,10%,10.2
3:30 marathon training plan,1,10,10%,25.8
best budget running headphones,1,9,11.11%,10.78
sub 3.30 marathon pace,1,9,11.11%,10.78
running club brussels,1,9,11.11%,14.56
strava premium vs garmin connect,1,8,12.5%,8
maraton madrid 2026 desnivel,1,8,12.5%,9.12
best running caps 2026,1,8,12.5%,9.25
club de running cerca de mi,1,8,12.5%,9.62
running clubs madrid,1,8,12.5%,9.75
garmin connect plus vs strava premium,1,8,12.5%,12.62
best soft flask for running,1,8,12.5%,19.12
running clubs,1,8,12.5%,26.88
club running madrid,1,8,12.5%,49.25
running club guadalajara,1,7,14.29%,4.57
grupo de running principiantes,1,7,14.29%,7
run clubs barcelona,1,7,14.29%,7.29
mejores cinturones running,1,7,14.29%,7.43
cuales son los mejores geles energeticos,1,7,14.29%,8
running oviedo,1,7,14.29%,10.14
correr en grupo,1,7,14.29%,24.29
parque del oeste madrid running,1,6,16.67%,7.33
adidas running club madrid,1,6,16.67%,9
5km en 25 minutos,1,6,16.67%,9.17
best recovery drinks for runners,1,6,16.67%,41.33
run club guadalajara,1,5,20%,5.4
barcelona running clubs,1,5,20%,5.6
carrera nocturna guadalquivir 2026,1,5,20%,6.6
running clubs brussels,1,5,20%,10.6
sub 3:30 marathon training,1,5,20%,11.2
mejores zapatillas hyrox 2026,1,5,20%,14
best trail shoes 2026,1,5,20%,21
best recovery shake for runners,1,5,20%,23.2
zegama 2026,1,5,20%,29.6
la carrera de las empresas 2026,1,4,25%,2.75
correr por el retiro,1,4,25%,12.5
plan maraton 3 30,1,4,25%,19.25
marathon seville 2026,1,4,25%,26.75
mejores geles energeticos,1,4,25%,31.25
carreras de empresas 2026,1,3,33.33%,3
parkrun sevilla,1,3,33.33%,4.67
best swimming headphones 2026,1,3,33.33%,8.67
barcelona run clubs,1,3,33.33%,13.33
rutina de gimnasio para corredores,1,3,33.33%,19.67
correr en barcelona,1,3,33.33%,35
polar pacer review,1,3,33.33%,49
tabla de ejercicios de fuerza para corredores pdf,1,3,33.33%,52.67
carreras trail para principiantes,1,2,50%,2
grupo runners,1,2,50%,3.5
malaga run club,1,2,50%,6
mejores relojes garmin para correr,1,2,50%,6
best headphones for running and swimming,1,2,50%,9
best running vests 2026,1,2,50%,24.5
y para correr,1,1,100%,1
cursa dels bombers barcelona 2026,1,1,100%,2
carrera 15km,1,1,100%,3
social running,1,1,100%,5
carreras populares españa 2026,1,1,100%,6
speedcross vs speedgoat,1,1,100%,6
media maraton madrid 2026,1,1,100%,7
parkrun santiago chile,1,1,100%,7
gym exercises for running,1,1,100%,8
cuales son los mejores audifonos para correr,1,1,100%,9
maraton madrid 2026 recorrido,1,1,100%,9
sevilla marathon 2026 route,1,1,100%,9
garmin ranking 2026,1,1,100%,10
media maratón en 1 hora 45 minutos,1,1,100%,10
zapatillas running peso alto,1,1,100%,13
garmin forerunner 55 review 2025,1,1,100%,15
new trail shoes 2026,1,1,100%,17
mejores zapatillas para correr asfalto,1,1,100%,21
mejores auriculares correr,1,1,100%,22
zapatillas hyrox nike,1,1,100%,25
seville marathon 2027 registration open,1,1,100%,26
novablast 5 for half marathon,1,1,100%,30
best cushioned road running shoes 2026,1,1,100%,31
セビリアマラソン,1,1,100%,47
protein for running stamina,1,1,100%,63
best sports drink for marathon fuel,0,1085,0%,9.63
best sports drinks for marathon training 2026,0,662,0%,8.94
mejores zapatillas running pisada neutra 2026,0,547,0%,4.15
couch to 5k,0,439,0%,73.43
best sports drink for marathon fueling 2026,0,407,0%,10.07
ros kilometers madrid running events,0,329,0%,19.77
best sports drinks for marathon fueling 2026,0,308,0%,10.84
best running shoes for beginners,0,302,0%,37.42
running shoes for overweight runners,0,291,0%,27.76
macro counting recipes for runners,0,250,0%,4.24
best running headphones 2026,0,219,0%,11.79
best fish oil for runners,0,213,0%,9.77
running shoes for beginners,0,200,0%,35.86
garmin forerunner 55 review,0,192,0%,50.31
mejores zapatillas para correr principiantes 2026,0,178,0%,12.76
mejores bebidas isotónicas sin azúcar 2026,0,171,0%,3.4
"evaluate the sports drinks company core hydration on feb 26 monthly - what 
are marathon training tips?",0,169,0%,9.07
most important features when buying running shoes 2025 2026,0,168,0%,10.18
shokz openrun pro 2 review 2026,0,167,0%,2.56
mejores zapatillas running para principiantes 2026,0,167,0%,12.01
mejores materiales para ropa de trail running ultramaratón largas distancias,0,162,0%,3.3
parkrun madrid,0,155,0%,9.69
best breathable materials for track tops running jackets 2025 2026,0,150,0%,4.35
mejores zapatillas para corredores principiantes 2026,0,144,0%,12.75
maurten vs tailwind vs sis vs gatorade for marathon,0,134,0%,5.13
intermittent fasting recipes for runners,0,130,0%,6.39
best sports drink for marathon fuel 2026,0,130,0%,9.24
best sports drinks for marathon hydration and fueling 2026,0,126,0%,7.1
group running tracking app,0,123,0%,13.03
mejores bebidas isotónicas deportivas 2026,0,122,0%,5.21
mejores bebidas deportivas sin azúcar 2026,0,117,0%,5.94
dónde comprar zapatillas para correr en asfalto españa 2026,0,117,0%,8.41
mejores bebidas isotónicas electrolitos deportivas 2026,0,116,0%,4.08
nuun vs gatorade vs tailwind vs maurten for marathon,0,113,0%,3.13
geles para correr,0,113,0%,47.09
mejor ropa que absorbe humedad para correr 2025 2026,0,112,0%,6.7
coros pace 3 review,0,110,0%,55.45
mejores gorras ligeras para correr 2025 2026,0,107,0%,3.52
mejores zapatillas para correr en asfalto,0,104,0%,16.03
mejores bebidas deportivas sin azúcar para atletas 2025 2026,0,102,0%,6.21
best sports drinks for marathon fuel 2026,0,99,0%,8.69
marathon valencia,0,98,0%,46.57
deka strong,0,97,0%,9.65
most important features when buying performance running shoes 2025 2026,0,96,0%,8.88
"intitle:""strava"" ""no ads"" -tiktok.com -facebook.com -linkedin.com -x.com 
-instagram.com -reddit.com ""free"" ""download""",0,96,0%,30.21
"intitle:""strava"" ""no ads"" -tiktok.com -facebook.com -linkedin.com -x.com 
-instagram.com -reddit.com ""premium"" ""subscription""",0,96,0%,30.29
mejores bebidas electrolíticas para entrenamiento de resistencia 2025 2026,0,95,0%,7.43
"evaluate the sports drinks company prime on feb 26 monthly - when should i 
hydrate during a marathon?",0,94,0%,9.57
mejores zapatillas running asfalto 2026,0,93,0%,6.6
best sports drinks for marathon fuel 2026 comparison,0,92,0%,10.35
principales bebidas de hidratación con electrolitos 2026,0,91,0%,1.96
zapatillas correr asfalto,0,90,0%,31.1
best running apps 2026 nike run club strava adidas running features,0,89,0%,8.8
best headphones for running 2026,0,89,0%,12.26
"intitle:""strava"" ""2026"" -tiktok.com -facebook.com -linkedin.com -x.com 
-instagram.com -reddit.com ""premium"" ""subscription""",0,89,0%,105.73
mejores bebidas deportivas sin calorías 2025 2026,0,88,0%,7.86
best drink for marathon fuel february 2026,0,87,0%,3.93
mejores bebidas deportivas para hidratación y rendimiento 2025 2026,0,86,0%,3.98
best fabrics for long distance running clothing 2025 2026,0,86,0%,4.77
best running shoes under 100 euros 2026,0,85,0%,3.87
mejores bebidas deportivas sin azúcar reseñas comparaciones 2025 2026,0,85,0%,6.51
jbl reflect flow pro review,0,84,0%,34.33
valencia marathon,0,84,0%,39.83
best foam roller for first responders,0,83,0%,9.84
best sports drink for marathon 2026,0,82,0%,7.48
mejores bebidas de hidratación para atletas 2025 2026,0,80,0%,4.85
mejores bebidas deportivas 2026,0,79,0%,5.78
zapatillas con mayor retorno de energía 2026,0,79,0%,13.47
mejores zapatillas para corredores principiantes 2025 2026,0,79,0%,13.85
entrenamiento maraton madrid,0,78,0%,31.96
geles para corredores,0,76,0%,46.92
running shoe drop,0,76,0%,56.22
best sports drink for marathon hydration and fueling 2026,0,75,0%,6.79
cuanto se tarda en correr 5 km,0,75,0%,12.51
best creatine for runners,0,74,0%,11.34
carrera de las empresas 2018 madrid,0,74,0%,40.58
madrid parkrun,0,73,0%,10.38
hsn creatine monohydrate powder serving size 3.4 g,0,73,0%,11.27
mejores bebidas electrolíticas sin azúcar para deportes 2025 2026,0,72,0%,9.42
running with apple watch,0,72,0%,33.69
best neutral running shoes,0,72,0%,46.38
¿hay kits de running para principiantes que incluyan todo?,0,71,0%,4.03
madrid marathon 2026,0,70,0%,14.59
mejor bebida deportiva sin azúcar 2025 2026,0,69,0%,7.32
"evaluate the sports drinks company mio on feb 26 monthly - when should i 
hydrate during a marathon?",0,69,0%,9.45
run valencia,0,69,0%,29.7
running classes near me,0,68,0%,3.66
beste hardlooptights compressie 2025 2026,0,68,0%,10
madrid marathon 2026 date,0,68,0%,10.26
carreras en granada,0,66,0%,55.18
mejores mallas de running con compresión 2025 2026,0,65,0%,6.32
can i bring a suitcase to zurich marató barcelona 2026 in barcelona,0,65,0%,8.38
zapatillas running asfalto,0,65,0%,42.05
nuun sports drink review marathon fueling february 2026,0,64,0%,7.45
garmin forerunner 55 reviews,0,64,0%,39.61
mejores bebidas de hidratación para atletas valoradas reseñas,0,63,0%,4.75
running shoes for half marathon,0,62,0%,30.73
¿gorras ligeras para correr: cuáles son las mejores?,0,61,0%,7.52
shokz bone conduction headphones review 2026,0,61,0%,8.46
grupo para correr en zaragoza,0,61,0%,19.05
gel marathon,0,61,0%,56.8
most important criteria for buying performance running shoes 2025 2026,0,60,0%,9.93
"""workoutdoors"" ""metrics per screen""",0,59,0%,2.54
volta peu valencia 2026,0,59,0%,10.05
bebidas deportivas ligeras para hidratación y rendimiento 2025 or 2026,0,58,0%,5.31
¿cuál es el mejor accesorio deportivo para correr largas distancias?,0,58,0%,8.69
marathon energy gel,0,58,0%,28.36
zapatillas para supinadores,0,58,0%,34.24
what is the lifespan of running shoe foam,0,57,0%,32.07
geles energeticos running,0,57,0%,51.37
best sports drink for marathon fueling hydration endurance 2026,0,56,0%,6.36
running shoes replacement mileage guidelines 2025 or 2026,0,55,0%,1.6
best running community platforms for finding local tempo group runs?,0,55,0%,3.38
mejores bebidas isotónicas y electrolíticas deportivas 2026,0,55,0%,4.25
how to choose running shoe foam technology comparison 2025 2026,0,55,0%,7.18
cuanto pesa la pelota de hyrox,0,55,0%,8.75
zapatillas para correr en asfalto,0,55,0%,36.24
barcelona marathon,0,55,0%,46.71
mejor bebida de rehidratación post-entrenamiento 2025 or 2026,0,54,0%,4.43
best sports drink for marathon fuel hydration endurance 2026,0,54,0%,6.63
best headlamps for running,0,53,0%,10.77
outdoor running vs treadmill,0,53,0%,37.58
best half marathon shoes,0,53,0%,38.62
best hydration routine for runners 2025 or 2026 guidelines,0,52,0%,3.23
tailwind vs high5 zero for hydration support,0,52,0%,3.56
best sports drinks for marathon training and race day 2026,0,52,0%,7.4
"evaluate the sports drinks company core hydration on feb 26 monthly - when 
should i hydrate during a marathon?",0,52,0%,10.67
best running shoes beginner,0,52,0%,37.79
how do i start my first run,0,52,0%,40.96
strength training for runners,0,52,0%,63.79
best drink for marathon fuel 2026,0,51,0%,5.43
zapatillas running principiantes recomendaciones,0,51,0%,9.02
nocturna sevilla 2026,0,51,0%,9.22
mejores zapatillas para correr principiantes 2025 2026,0,51,0%,12.35
grups de running,0,51,0%,28.92
best running shoes,0,51,0%,42.86
couch to 5k plan,0,51,0%,69.57
media maraton plan de entrenamiento,0,50,0%,50.38
best running poles,0,50,0%,56.3
joggen englischer garten,0,50,0%,68.4
grupos running zaragoza,0,49,0%,39.12
apple watch for runners,0,49,0%,46.98
plan de entrenamiento de atletismo para principiantes,0,49,0%,66
leading sports recovery drinks brands 2026,0,48,0%,6.19
best running routes in your city,0,48,0%,10.15
best drink for marathon fuel,0,48,0%,10.71
salomon speedcross vs la sportiva bushido vs hoka speedgoat mud performance,0,47,0%,6.79
madrid marathon,0,47,0%,37.23
gel para correr,0,47,0%,52.32
running snacks,0,47,0%,56.85
mejores bebidas isotónicas electrolitos deportivas recomendadas 2026,0,46,0%,3.93
top running apps that let me create private clubs for coworkers?,0,46,0%,6.43
cursa bombers 2026,0,46,0%,9.28
running shoes for neutral feet,0,46,0%,63.22
"best hydration drink for marathon 2026 comparison gatorade tailwind maurten 
dripdrop",0,45,0%,2.64
bebidas de hidratación más populares fitness 2025 2026,0,45,0%,4.69
is it ¿hay kits de running para principiantes que incluyan todo?,0,45,0%,4.73
zapatillas running asfalto vs trail tierra diferencias cuál elegir,0,45,0%,7.09
"best sports drink for marathon fuel 2026 comparison powerade gatorade 
maurten sis",0,45,0%,8.22
entrene voltes a peu valencia,0,45,0%,8.36
"evaluate the sports drinks company bodyarmor on feb 26 monthly - when 
should i hydrate during a marathon?",0,44,0%,10.7
"evaluate the sports drinks company nuun on feb 26 monthly - what’s the best 
drink for marathon fuel?",0,44,0%,10.8
coros pace 3 price euro,0,44,0%,11.09
best energy gels for marathon running 2025 2026,0,44,0%,15.75
best beginner running shoes,0,44,0%,25.11
which foam roller is better for runners: smooth or textured in germany?,0,43,0%,6.35
parkrun valencia,0,43,0%,10.3
grupo de running zaragoza,0,43,0%,40.86
mejores bebidas deportivas sin calorías 2026,0,42,0%,4.55
mejores bebidas deportivas sin azúcar 2025 2026 reseñas,0,42,0%,8.93
"""best headphones for running for 2023"" ""jbl reflect flow pro""",0,42,0%,10.02
mejores bebidas deportivas sin azúcar 2025 2026,0,42,0%,12.05
technical clothing for running,0,42,0%,16.26
best budget running shoes,0,42,0%,29.55
top neutral running shoes,0,42,0%,39.02
dieta para runners,0,42,0%,71.95
best running tights for marathon training 2025 2026,0,41,0%,10.2
best sports drink for marathon fuel 2026 comparison,0,41,0%,10.2
carrera nocturna sevilla 2026,0,41,0%,10.39
mejores zapatos de running para principiantes 2026,0,41,0%,11.8
multivitamins for runners,0,41,0%,65.05
mejores zapatillas running principiantes 2026,0,40,0%,5.45
malaga parkrun,0,40,0%,8.1
tiempo medio correr 5 km,0,40,0%,12.5
mejor ropa que absorbe la humedad para correr,0,40,0%,13.45
valencia marathon 2026,0,40,0%,42.33
best running snacks,0,40,0%,54.62
important features when buying performance running shoes 2025 2026,0,39,0%,6.64
maurten vs tailwind vs gatorade for marathon,0,39,0%,7.92
key features to look for in breathable running tops men 2025 2026,0,39,0%,8.69
best running apparel for layering in cooler climates 2026,0,39,0%,9.85
en cuanto tiempo se corren 5 km,0,39,0%,10.56
cuantos son 5 kilómetros en minutos,0,39,0%,10.85
carrera de las empresas,0,39,0%,16.1
running trainers for beginners,0,39,0%,41.67
nuun vs gatorade vs maurten vs tailwind for marathon,0,38,0%,4.21
mejores bebidas electrolíticas para deportes de equipo 2025 2026,0,38,0%,4.89
strava vs nike run club vs runkeeper vs adidas running 2026,0,38,0%,5.95
best marathon fuel drink comparison 2026,0,38,0%,7.79
best running apps 2026 nike run club strava adidas running review,0,38,0%,8.11
"""new balance"" ""women's last"" ""narrower heel""",0,38,0%,8.16
best resistance bands for runners,0,38,0%,8.37
barcelona parkrun,0,38,0%,10.39
behobia 2026,0,38,0%,10.63
geles maraton,0,38,0%,49.84
walking vs running benefits,0,38,0%,56.82
bebidas deportivas sin azúcar recomendadas 2026,0,37,0%,2.51
3:30 marathon pace,0,37,0%,24.86
maurten vs tailwind vs sis vs gatorade for marathons,0,36,0%,5.25
strava vs nike run club vs garmin connect vs adidas running 2026,0,36,0%,5.94
"best sports drink for marathon fuel 2026 comparison gatorade powerade 
maurten sis",0,36,0%,7.08
asics novablast 5 review 2026,0,36,0%,7.69
"¿qué materiales son los mejores para el equipo de running de larga 
distancia?",0,36,0%,7.81
5 kilometros cuanto tiempo es,0,36,0%,9.83
best running shoes for beginners 2026,0,36,0%,11.81
how to conquer weight loss with running,0,36,0%,30.42
couch to 5k training plan,0,36,0%,67.67
best materials for high-performance running apparel 2025 2026,0,35,0%,7.97
"evaluate the sports drinks company uitima on feb 26 monthly - when should i 
hydrate during a marathon?",0,35,0%,9.71
hsn creatine monohydrate powder serving size 3.4g,0,35,0%,10.63
coros pace 3 price eur,0,35,0%,11.63
best newspaper shoes for supination,0,35,0%,25.66
running para corredor pesado,0,35,0%,27
examples of shoes with supination,0,35,0%,27.03
carreras running,0,35,0%,35
plan entrenamiento maratón 4 horas 30 minutos,0,35,0%,35.37
plan entrenamiento maratón 4 horas 15 minutos,0,35,0%,37.4
maratón madrid,0,35,0%,41.89
garmin venu review,0,35,0%,41.91
how long do running shoes last,0,35,0%,49.17
how long are running shoes good for,0,35,0%,65.97
running en zaragoza,0,35,0%,67.71
mejores apps para correr 2026,0,34,0%,6
"my run club wants a group challenge app where members can upload gps files 
from garmin and compare mileage weekly; any recommendations?",0,34,0%,7.91
mejores zapatillas running con buena amortiguación 2026,0,34,0%,8.68
best running apps 2026 strava nike run club adidas running features,0,34,0%,8.94
mejores bebidas deportivas para atletas 2025 2026,0,34,0%,9.79
volta a peu valència 2026,0,34,0%,10.15
jean bouin inscripciones,0,34,0%,10.24
tiempo medio para correr 5 km,0,34,0%,13.06
best running tights 2026,0,34,0%,13.53
tips to running at night safely,0,34,0%,36.62
maraton madrid,0,34,0%,37.32
best running shoes for half marathon,0,34,0%,42.18
marathon madrid,0,34,0%,46.56
grupos de entrenamiento zaragoza,0,34,0%,59.97
mejores bebidas rehidratantes deportivas 2026,0,33,0%,3.85
running clubs fitness trend 2026,0,33,0%,4.36
"evaluate the sports drinks company pedialyte on feb 26 monthly - when 
should i hydrate during a marathon?",0,33,0%,10.52
most effective temperature regulation apparel for running,0,33,0%,13.55
mejores zapatillas running asfalto hombre,0,33,0%,17.7
best trail running poles,0,33,0%,26.15
gel para corredores,0,33,0%,49.42
mejores bebidas rehidratantes deportivas sin azúcar 2026,0,32,0%,5.19
"app for group trail runs that lets people discover events and message the 
group",0,32,0%,7.03
how to choose running shoes based on cushioning and support 2025 2026,0,32,0%,7.22
tiempo promedio de 5k,0,32,0%,9.62
best sports drinks for marathon 2026,0,32,0%,9.94
best hydration drink for marathon running 2026,0,32,0%,10
mejores gorras running,0,32,0%,13.78
tiempo promedio para correr 5 km,0,32,0%,15.62
running club,0,32,0%,27.97
apple watch for running,0,32,0%,40
maratón en 3 horas ritmo,0,32,0%,40.28
how many miles for running shoes,0,32,0%,46.75
best sports drink for marathon fuel 2026 nuun comparison,0,31,0%,4.03
clubes de running,0,31,0%,11.68
best recovery drink for runners,0,31,0%,27.9
zegama aizkorri,0,31,0%,36.16
trail running backpacks,0,31,0%,43.74
carreras 5k,0,31,0%,49.48
organizar una carrera trail,0,31,0%,62.23
media maraton,0,31,0%,70.1
best vitamin for runners,0,31,0%,75.06
bebidas deportivas ligeras hidratación rendimiento 2025 or 2026,0,30,0%,3.97
¿cuáles son las bebidas de hidratación mejor valoradas para los atletas?,0,30,0%,8.17
en cuanto tiempo corre una persona 5 km,0,30,0%,9.7
garmin forerunner 55 review 2026,0,30,0%,10.27
best energy gels for long distance running 2025 2026,0,30,0%,17.17
zapatillas para supinación,0,30,0%,24.53
zapatillas para media maraton,0,30,0%,47.6
beginner running shoes,0,30,0%,51.27
geles running,0,30,0%,64.57
ranking bebidas deportivas sabor 2026,0,29,0%,3.34
mejores aplicaciones para correr 2026,0,29,0%,4.41
salomon rain coat review 2026,0,29,0%,6.93
hoka speedgoat vs salomon speedcross,0,29,0%,7.24
best sports drinks for marathon fueling 2026 comparison,0,29,0%,7.62
most important criteria for buying high-performance running shoes 2025 2026,0,29,0%,7.76
mejores bebidas deportivas sin azúcar marcas 2025 2026,0,29,0%,9.31
valencia parkrun,0,29,0%,10.34
mejores zapatillas running para principiantes 2025 2026,0,29,0%,14.28
best shoes for half marathon race,0,29,0%,44.83
plan entrenamiento media maraton,0,29,0%,47.69
best protein for runners,0,29,0%,56.69
best collagen protein for athletes,0,29,0%,67.28
"""153 g/day"" ""112 g/day""",0,28,0%,3.96
mejor creatina monohidrato 2026,0,28,0%,6.79
grupo de corredores en montevideo,0,28,0%,7.11
deuter vs salomon,0,28,0%,7.43
mejores bebidas deportivas para energía y recuperación 2025 2026,0,28,0%,7.46
best budget running shoes 2026 under 100,0,28,0%,7.71
zapatillas running principiantes recomendadas,0,28,0%,8.93
gel-nimbus 26 v adidas evo sl vs nike pegasus 41,0,28,0%,10.86
tiempo promedio 5k,0,28,0%,10.86
best headphones 130180,0,28,0%,10.93
¿qué marcas de zapatillas de running para mujer son las más innovadoras?,0,28,0%,11.07
"best performance running caps visors for sun protection uv protection 2025 
2026",0,28,0%,11.36
running apparel features for temperature regulation during distance runs,0,28,0%,11.46
"best sports drink for marathon fuel 2026 comparison prime gatorade liquid 
iv maurten",0,28,0%,12.11
best energy gels for marathon training and race day 2025 2026,0,28,0%,12.68
salomon speedcross 6 vs hoka torrent 4 comparison,0,28,0%,13.11
best lightweight trail running gear for long runs 2025 2026,0,28,0%,13.29
best collagen for runners,0,28,0%,23.04
budget running shoes,0,28,0%,25.79
zapatillas hyrox,0,28,0%,33.11
best cheap running headphones,0,28,0%,33.14
entrenamiento de fuerza para corredores zaragoza,0,28,0%,36.07
planes de entrenamiento trail,0,28,0%,40.14
best running trainers for beginners,0,28,0%,48.61
running recovery drinks,0,28,0%,56.39
ropa para correr,0,28,0%,58.21
edinburgh running clubs,0,28,0%,62.43
how long should running shoes last,0,28,0%,63.71
comparativa gps running vs reloj deportivo,0,27,0%,3.07
mejores bebidas isotónicas bajas en calorías 2026,0,27,0%,3.22
mejor bebida deportiva sin azúcar 2025 or 2026,0,27,0%,6.52
"evaluate the sports drinks company core hydration on feb 26 monthly - how 
should i prep for my first marathon?",0,27,0%,8.22
best sports drink for marathon fueling hydration electrolytes 2026,0,27,0%,10.44
mejores marcas zapatillas running ligeras con buen soporte 2025 2026,0,27,0%,13.7
best energy gels for running 2025 2026,0,27,0%,13.78
mejores zapatillas para correr largas distancias 2026,0,27,0%,14.89
best energy gels for distance runners 2025 2026,0,27,0%,16.19
kilometraje para zapatillas de correr,0,27,0%,23.96
apple watch running,0,27,0%,31.44
running shoes for starters,0,27,0%,41.74
what does drop mean in running shoes,0,27,0%,48.93
how many miles do running shoes last,0,27,0%,54.48
running in berlin,0,27,0%,62.59
running shoes replacement guidelines 2025 or 2026,0,26,0%,2.88
bebidas deportivas bajas en calorías recomendadas 2025 2026,0,26,0%,5.04
mejores tiendas zapatillas running asfalto 2026,0,26,0%,6.88
best drinks for marathon fuel hydration electrolytes 2026,0,26,0%,8.92
"evaluate the sports drinks company core hydration on feb 26 monthly - 
what’s the best drink for marathon fuel?",0,26,0%,9.23
carrera de empresas,0,26,0%,9.54
"running apparel features for temperature regulation during long distance 
runs",0,26,0%,9.92
mejores bebidas electrolíticas para hidratación rápida,0,26,0%,11.54
mejores zapatillas de running para mujer 2026,0,26,0%,12.35
best compression running tights 2025 2026,0,26,0%,17.69
kilometraje para zapatillas de running,0,26,0%,24.42
kilómetros zapatillas de running,0,26,0%,27
best poles for trail running,0,26,0%,28.31
half marathon racing shoes,0,26,0%,28.46
best running shoes for starters,0,26,0%,35.19
mejor bebida deportiva sin azúcar 2026,0,25,0%,3.28
best sports drink for marathon fueling 2026 nuun comparison,0,25,0%,3.36
jbl treadmill review 2026,0,25,0%,4.2
mejores bebidas electrolíticas para atletas de resistencia 2025 2026,0,25,0%,4.28
mejores electrolitos en polvo comparación 2026,0,25,0%,5.68
mejores bebidas deportivas por sabor y beneficios funcionales 2025 2026,0,25,0%,6
"strava vs garmin connect vs apple fitness vs google fit pace heart rate 
distance",0,25,0%,7.24
cuántos minutos son 5 km,0,25,0%,7.88
hoka bondi vs brooks glycerin vs new balance 1080 for heavy runners,0,25,0%,8
which foam roller is better for runners: smooth or textured in spain?,0,25,0%,8.2
¿qué zapatillas son ideales para corredores principiantes?,0,25,0%,8.6
garmin vs coros vs polar vs apple watch for running 2026,0,25,0%,8.92
"evaluate the sports drinks company mio on feb 26 monthly - what’s the best 
drink for marathon fuel?",0,25,0%,9.36
best sports drinks for marathon running fuel 2026,0,25,0%,9.76
best performance running caps visors for sun protection 2025 2026,0,25,0%,11.04
best trail running gear for long runs comfort 2025 2026,0,25,0%,12.4
5 km corriendo tiempo,0,25,0%,12.44
best budget running shoes under $100 2026,0,25,0%,15.28
mejores geles energéticos running,0,25,0%,18.12
preparacion para maraton en valencia,0,25,0%,33.92
zapatillas para correr asfalto,0,25,0%,34.48
best trainers for neutral runners,0,25,0%,38.76
neutral gait running shoes,0,25,0%,42
half marathon plan,0,25,0%,58.8
mejores gorras deportivas unisex 2026,0,24,0%,5.42
top apps for scheduling trail runs with friends and sharing meetup spots,0,24,0%,6.83
best multi-pocket running belts 2026,0,24,0%,7.04
behobia 2026 desnivel,0,24,0%,7.67
is madrid marathon flat,0,24,0%,7.71
¿qué zapatillas para correr son ideales para principiantes?,0,24,0%,8.17
jbl vs brooks,0,24,0%,9.08
running for vegetarians,0,24,0%,10.62
half marathon trainers,0,24,0%,35.12
best shoes for half marathon,0,24,0%,36.42
good jogging shoes for beginners,0,24,0%,39.88
auriculares para correr,0,24,0%,40.04
alimentacion sana para corredores,0,24,0%,40.5
running shoe lug drop,0,24,0%,44.67
tiempo maratón principiante,0,24,0%,50.12
plan entrenamiento media maratón,0,24,0%,50.79
best sweets for running,0,24,0%,52.88
couch to 5k training,0,24,0%,65.75
bebidas deportivas sin azúcar comparativa 2026,0,23,0%,2.22
strava vs nike run club vs garmin connect vs runkeeper 2026,0,23,0%,5.39
jean bouin barcelona 2026,0,23,0%,6.78
cheap alternatives to meetup for running clubs and hiking meetups,0,23,0%,7.78
cursa dels bombers 2026,0,23,0%,8.61
best hydration and energy drinks for runners 2026,0,23,0%,9.7
"best running apparel for long distance events temperature regulation chafe 
prevention 2025 2026",0,23,0%,9.7
when is madrid marathon 2026,0,23,0%,10.48
best running belt for carrying gels 2025 2026,0,23,0%,15.7
coros pace 3 vs garmin 265,0,23,0%,25.35
zapatillas running neutras,0,23,0%,38.96
garmin venu 3 reviews,0,23,0%,40.39
best beginner jogging shoes,0,23,0%,40.87
zapatillas para correr media maraton,0,23,0%,49
aplicación para correr,0,23,0%,52.22
how many miles should running shoes last,0,23,0%,54.04
energy runners,0,23,0%,54.17
heel drop running shoes,0,23,0%,64.96
best omega-3 supplement for athletes,0,23,0%,68.35
best sports drinks for marathon training 2026 nuun,0,22,0%,8.05
parkrun malaga,0,22,0%,8.27
nike pegasus vs asics nimbus,0,22,0%,8.32
¿cuál es la mejor ropa que absorbe la humedad para correr?,0,22,0%,8.77
polar pacer pro price euro,0,22,0%,9.73
zapatillas running recomendadas para principiantes,0,22,0%,9.73
best sports drink for marathon fueling 2025 or 2026,0,22,0%,9.95
cuanto son 5 km corriendo,0,22,0%,10.45
best hydration drink for marathon runners 2026,0,22,0%,10.73
"i need earbuds for swimming and running that are affordable and accepted 
for triathlons.",0,22,0%,11.64
mejores zapatillas running mujer ajuste firme 2025 2026,0,22,0%,11.86
sub 3:30 marathon pace,0,22,0%,13.09
key features to consider when buying performance running shoes 2025 2026,0,22,0%,15.36
kilómetros zapatillas running,0,22,0%,23.27
marathon de madrid,0,22,0%,24.55
zapatillas para pronadores leves,0,22,0%,25.14
ponle freno,0,22,0%,30.18
best racing flats for half marathon,0,22,0%,32.86
half marathon shoes,0,22,0%,40
plan de entrenamiento 42k 12 semanas,0,22,0%,42.95
zapatillas para asfalto,0,22,0%,45.82
zapatillas media maraton,0,22,0%,49.41
media maraton preparacion,0,22,0%,62.05
neutral running shoes,0,22,0%,67.91
magnesium for runners,0,22,0%,79.77
tiendas online zapatillas running neutras recomendadas 2026,0,21,0%,3.52
bebidas de recuperación deportivas recomendadas 2025 or 2026,0,21,0%,5.38
mejores bebidas de hidratación para deportes 2025 or 2026,0,21,0%,5.38
bebidas de recuperación deportivas recomendadas 2026,0,21,0%,5.43
mejores bebidas deportivas para atletas 2025 2026 reseñas,0,21,0%,7.33
mejores zapatillas running amortiguación 2026 recomendaciones,0,21,0%,7.52
best sports drinks for marathon running 2026,0,21,0%,8.71
mejores zapatillas para correr en asfalto 2026,0,21,0%,9.33
evaluate the sports drinks company nuun on best zero sugar sports drink,0,21,0%,9.52
en cuanto tiempo se recorren 5 km,0,21,0%,10.24
best trail running gear for wet muddy conditions 2025 2026,0,21,0%,10.48
how much to spend on running headphones budget recommendations,0,21,0%,11.29
zapatillas para correr con sobrepeso,0,21,0%,15.05
forerunner 265 vs coros pace 3,0,21,0%,17.67
zapatillas supinacion,0,21,0%,20.05
pisada neutra zapatillas,0,21,0%,26.67
gorras para correr,0,21,0%,33.71
cuantas calorias se queman corriendo,0,21,0%,34.81
jogging shoes for beginners,0,21,0%,40.1
energy-boosting snacks for runners,0,21,0%,46.29
midsole drop,0,21,0%,50.1
ropa para correr en invierno,0,21,0%,51.1
blogs de running,0,21,0%,54.38
próxima maratón,0,21,0%,59.76
running shoe replacement mileage guidelines 2025 or 2026,0,20,0%,1.45
¿cómo elegir ropa técnica running según la temporada?,0,20,0%,2.85
"best sports drink for marathon fuel 2026 comparison nuun gatorade maurten 
tailwind",0,20,0%,3.25
"mejores bebidas de hidratación para rendimiento deportivo óptimo 2025 or 
2026",0,20,0%,5.4
bebidas reposición electrolitos avanzada comparación,0,20,0%,6.95
mejores productos hidratación entrenamiento deportivo 2025 2026,0,20,0%,6.95
diferencia zapatillas lifestyle vs running training performance,0,20,0%,7.45
cursa de bombers barcelona 2026,0,20,0%,8
cuanto tiempo son 5 kilometros,0,20,0%,9.25
coros pace 3 price official 2026,0,20,0%,9.65
salomon vs hoka,0,20,0%,11.95
what is running diet,0,20,0%,36.45
zapatillas para correr por asfalto,0,20,0%,37.2
valencia half marathon,0,20,0%,39.3
good running sneakers for beginners,0,20,0%,40
running for heavy runner,0,20,0%,44.7
mejores zapatillas running 2026,0,20,0%,46.5
running shoe heel drop,0,20,0%,49
best neutral shoes,0,20,0%,51.7
running lisbon,0,20,0%,57.45
preparación media maratón,0,20,0%,57.55
edinburgh running club,0,20,0%,61.95
creatine for runners,0,20,0%,66.85
singapore running,0,20,0%,85.9
running shoe replacement mileage guidelines 2024 or 2025 or 2026,0,19,0%,1.53
"""jbl reflect flow pro"" ""best headphones for running""",0,19,0%,2.16
qué proteína para deportistas comprar en 2026?,0,19,0%,2.58
best sports drinks for marathon fueling hydration endurance 2026,0,19,0%,6.95
5km en cuanto tiempo,0,19,0%,8.63
inscripciones san silvestre vallecana 2026,0,19,0%,8.84
5 km en cuanto tiempo,0,19,0%,9.37
behobia san sebastian 2026,0,19,0%,9.74
en cuanto tiempo se hacen 5 km corriendo,0,19,0%,9.89
en cuanto se corren 5 km,0,19,0%,10.79
ritmo correr principiantes,0,19,0%,10.79
best running apparel for layering in cooler climates 2025 2026,0,19,0%,13.58
mejores tenis femeninos con buen soporte 2026,0,19,0%,13.79
entrenamiento running en mallorca,0,19,0%,15.16
correr antes o después de comer,0,19,0%,15.79
mejor garmin para correr,0,19,0%,16.26
recommended running shoes for beginners,0,19,0%,41.42
what is drop in running shoes,0,19,0%,48.74
blog trail runner,0,19,0%,49.32
trail running poles,0,19,0%,51.26
bcaas for runners,0,19,0%,55.68
walking vs running,0,19,0%,62.63
best running vests,0,19,0%,80.79
2xu vs cw-x vs nike vs lululemon compression running tights,0,18,0%,2.11
shokz openrun pro 2 review running 2026,0,18,0%,3
mejor ropa para correr según clima,0,18,0%,5.17
¿dónde puedo encontrar una comunidad de corredores en mi ciudad?,0,18,0%,5.78
best sports drink for marathon february 2026,0,18,0%,8
mejores bebidas electrolitos rendimiento prolongado 2026,0,18,0%,8.06
nuun sports drink review marathon fueling 2026,0,18,0%,8.17
coros pace 3 price europe 2026,0,18,0%,8.44
zapatillas running recomendadas principiantes 2026,0,18,0%,9.06
best running watch 2026 garmin coros polar comparison,0,18,0%,9.56
trail running tips for first responders,0,18,0%,9.67
5 km cuanto tiempo es,0,18,0%,10.06
best sports drink for marathon fuel hydration electrolytes 2026,0,18,0%,10.22
cuanto se tarda en correr 5km,0,18,0%,10.28
cuantos minutos son 5 kilometros,0,18,0%,10.39
cuanto se demora una persona promedio en correr 5 km,0,18,0%,10.89
salomon vs hydro flask,0,18,0%,11.72
mejores zapatillas running amortiguación mujer 2025 2026,0,18,0%,12.89
garmin forerunner 265 vs coros pace 3,0,18,0%,16.61
correr en ayunas,0,18,0%,22.78
run before or after eating,0,18,0%,31.39
cascos para correr,0,18,0%,40.06
running shoes for beginner runners,0,18,0%,40.17
best shoes for neutral runners,0,18,0%,40.5
good starter running shoes,0,18,0%,40.83
gel running,0,18,0%,70.17
food for runners,0,18,0%,76.5
mejores zapatillas trail running principiantes 2026,0,17,0%,2.41
bebidas de hidratación más efectivas para deportes 2025 or 2026,0,17,0%,3.82
best drink for marathon fueling 2026,0,17,0%,4.35
best fabrics for long distance running clothes 2025 2026,0,17,0%,4.41
comparativa bebidas isotónicas 2026,0,17,0%,4.71
"¿cuáles son los avances más recientes en ropa para correr resistente al 
agua?",0,17,0%,7.35
transvulcania 2026 precio,0,17,0%,8.47
mejores sitios para comprar zapatillas running asfalto españa 2026,0,17,0%,8.53
mejor bebida electrolítica para alto rendimiento deportivo 2025 2026,0,17,0%,9.41
¿qué opciones de trail running hay para principiantes?,0,17,0%,9.47
how do running shoes differ from regular sneakers,0,17,0%,9.65
maratón,0,17,0%,10.24
best sports drinks for marathon fueling hydration electrolytes 2026,0,17,0%,10.94
best running apparel for layering in cooler climates men 2026,0,17,0%,11.94
mejor recuperador muscular running,0,17,0%,12.41
group running app,0,17,0%,12.71
how long do running shoes last mileage km,0,17,0%,16.47
best running belt no bounce phone gels 2025 2026,0,17,0%,16.94
mejores geles running,0,17,0%,23
zapatillas running corredor pesado,0,17,0%,26.47
zapatillas neutras para correr,0,17,0%,31.12
mejor ropa running,0,17,0%,35.53
maraton de madrid,0,17,0%,42.94
best shoes for beginner runners,0,17,0%,43.29
half marathon running shoes,0,17,0%,49
best neutral running shoe,0,17,0%,50.88
coros pace 3,0,17,0%,56.12
snacks for runners,0,17,0%,56.24
plan entrenamiento trail running,0,17,0%,63.59
couch to 5k running plan,0,17,0%,65.59
"top apps for organizing group trail runs that can cap attendance and share 
route details",0,16,0%,5.06
shokz openrun pro review 2026,0,16,0%,5.38
mejores polvos electrolíticos rehidratación rápida 2025 or 2026,0,16,0%,5.81
mejores marcas de creatina 2026,0,16,0%,6.12
"best running apparel for long distance running temperature regulation chafe 
prevention men 2026",0,16,0%,7.69
carrera nocturna del guadalquivir 2026,0,16,0%,8.31
salomon speedcross vs la sportiva bushido vs hoka speedgoat for mud,0,16,0%,8.94
calorie counting recipes for runners,0,16,0%,9.25
plan de entrenamiento 5k en 25 minutos,0,16,0%,9.25
cuanto tiempo se tarda en correr 5km,0,16,0%,9.75
madrid marathon 2026 registration,0,16,0%,10.88
club de running,0,16,0%,11
mejores geles para correr,0,16,0%,16.19
actividades runners madrid,0,16,0%,26.12
3:30 marathon,0,16,0%,27.62
zapatillas para correr neutras,0,16,0%,32.88
good shoes for beginner runners,0,16,0%,38.62
cuantas calorias se queman corriendo 5 km,0,16,0%,39.31
good running shoes for beginner runners,0,16,0%,40.44
recovery drinks for runners,0,16,0%,42.06
running sneakers for beginners,0,16,0%,43.25
seville marathon,0,16,0%,43.44
plan entrenamiento para correr principiantes,0,16,0%,60.75
club de running barcelona,0,16,0%,76.06
runners food,0,16,0%,80.88
mejores tiendas online zapatillas running neutras 2026,0,15,0%,3.07
bebidas deportivas bajas en azúcar recomendadas 2026,0,15,0%,4.47
meilleurs collants de course compression 2025 2026,0,15,0%,4.53
maurten vs tailwind vs sis vs gatorade marathon,0,15,0%,4.73
creatina monohidrato mejores marcas 2026,0,15,0%,7.33
hoka clifton vs brooks ghost vs new balance 1080 vs asics gel-nimbus 2026,0,15,0%,7.47
mejores bebidas isotónicas sin azúcar marcas recomendadas,0,15,0%,7.53
valencia marathon 2026 start time,0,15,0%,8.13
nocturna de sevilla 2026,0,15,0%,8.27
opciones populares hidratación baja en azúcar para deporte 2025 2026,0,15,0%,8.4
mejores bebidas rehidratantes deportivas sin azúcar 2025,0,15,0%,8.47
best sports drinks for marathon training hydration 2026,0,15,0%,8.73
mejores bebidas electrolíticas para atletas 2025 2026,0,15,0%,8.8
best fastest fish oil 2026,0,15,0%,8.87
best fabrics for breathable men's running shirts 2025 2026,0,15,0%,9.07
5km cuanto tiempo es,0,15,0%,9.13
"evaluate the sports drinks company propel on feb 26 monthly - what’s the 
best drink for marathon fuel?",0,15,0%,9.33
"apparel features for temperature regulation during distance running or 
endurance efforts",0,15,0%,9.6
mejores zapatillas para correr con buena amortiguación 2026,0,15,0%,10.13
behobia 2026 km,0,15,0%,10.2
beste hardloopschoenen voor beginners 2026,0,15,0%,13.2
zapatillas running tendencia 2026 hombre mujer,0,15,0%,14.33
mejores zapatillas running largas distancias 2026,0,15,0%,14.73
mejores bebidas deportivas sin azúcar sabrosas 2025 2026,0,15,0%,15.93
zapatillas running hombre 80 kg,0,15,0%,15.93
best breathable running clothes 2026,0,15,0%,16
best free running tracking apps 2026,0,15,0%,16.2
new balance fresh foam shoes durability lifespan how long do they last,0,15,0%,16.2
kilometraje zapatillas running,0,15,0%,20
best poles for running,0,15,0%,24.73
zapatillas para corredores pesados,0,15,0%,28.4
running shoe drop explained,0,15,0%,36.73
best starter running shoes,0,15,0%,41.13
runners nyc,0,15,0%,41.4
running trainers beginners,0,15,0%,45.27
how should i start going for runs,0,15,0%,46
best headphones for running,0,15,0%,47
sevilla marathon,0,15,0%,54
entrenamiento 10k,0,15,0%,61.6
shoe drop,0,15,0%,62.6
couch to 5k run,0,15,0%,67.73
from couch to 5k,0,15,0%,71.13
best supplements for runners,0,15,0%,78.93
dieta running,0,15,0%,79.8
running shoes replacement mileage guidelines 2024 or 2025 or 2026,0,14,0%,1.36
kits de running para principiantes incluyen todo,0,14,0%,2.14
comparativa bebidas isotónicas sin azúcar 2026,0,14,0%,4
average 5k time recreational runners,0,14,0%,4.21
mejores bebidas deportivas sin calorías 2025 or 2026,0,14,0%,5.07
mejores gorras 2026,0,14,0%,5.43
mejores bebidas de hidratación para rendimiento deportivo 2025 or 2026,0,14,0%,6
running community trends 2026,0,14,0%,6.14
best sports drinks for marathon fuel hydration endurance 2026,0,14,0%,6.36
coros pace 3 nfc payment,0,14,0%,6.86
best sports drink for marathon running fuel 2026,0,14,0%,8.21
what are the latest features of men's running shoes for neutral runners?,0,14,0%,8.21
mejor bebida hidratación deportes larga duración,0,14,0%,8.36
cursa bombers 2026 barcelona,0,14,0%,8.57
most important criteria when buying high-performance running shoes 2025 2026,0,14,0%,8.64
best running apps 2026 nike run club strava adidas runtastic features,0,14,0%,8.79
best running shoes 2026 nike pegasus asics nimbus hoka clifton brooks ghost,0,14,0%,8.86
best marathon fuel drinks comparison 2026,0,14,0%,9.07
cuanto se demora en correr 5 km,0,14,0%,9.21
beste compressie hardlooptights 2025 2026,0,14,0%,9.57
edp madrid marathon,0,14,0%,9.71
grupo de running,0,14,0%,9.71
cuanto tarda una persona en correr 5 km,0,14,0%,10.21
mejores relojes garmin 2026,0,14,0%,10.43
best running apps 2026 strava nike run club adidas running review,0,14,0%,10.5
cuanto tardas en correr 5 km,0,14,0%,10.86
park run barcelona,0,14,0%,12.57
zapatillas running 75 80 kilos,0,14,0%,14.5
correr malaga,0,14,0%,14.64
hoka vs salomon,0,14,0%,15.14
mejores zapatillas running neutras,0,14,0%,16
key features to consider when buying running shoes 2025 2026,0,14,0%,16.5
strava vs garmin,0,14,0%,22.57
mejores auriculares running,0,14,0%,22.71
zapatillas de running con pronación excesiva,0,14,0%,23.14
running valencia,0,14,0%,23.36
zapatillas running pisada neutra,0,14,0%,25.14
zapatillas corredores pesados,0,14,0%,28
apple watch as running watch,0,14,0%,28.21
valencia half marathon 2026,0,14,0%,32.71
zapatillas pisada neutra,0,14,0%,32.79
top running shoes for beginners,0,14,0%,38.79
hoka clifton vs bondi,0,14,0%,38.86
bcaa for runners,0,14,0%,46.21
running on an empty stomach,0,14,0%,46.21
running shoe heel drop explained,0,14,0%,47.86
utmb ccc,0,14,0%,48.29
correr para adelgazar,0,14,0%,52.71
running shoe drop meaning,0,14,0%,54.21
estiramientos para correr,0,14,0%,59.36
how to start running,0,14,0%,59.93
what causes a stitch while running,0,14,0%,64.71
bastones trail running,0,14,0%,67.79
good foods for runners,0,14,0%,71.43
running for weight loss,0,14,0%,71.57
walking and running,0,14,0%,73.36
"""shokz openrun pro 2"" review 2026",0,13,0%,1.38
strava vs garmin connect comparison 2026,0,13,0%,1.62
shokz openrun pro review running 2026,0,13,0%,2.54
best drink for marathon fuel february 2026 or 2025 or recent,0,13,0%,3.23
melhores sapatilhas de corrida homem abaixo 100 euros 2026,0,13,0%,3.69
"best sports drinks for marathon fuel 2026 comparison pedialyte gatorade 
nuun tailwind maurten",0,13,0%,3.85
running shoes lifespan kilometers,0,13,0%,4.54
trail running classes near me,0,13,0%,5.15
best hydration strategy for long duration exercise 2024 or 2025 or 2026,0,13,0%,6.08
plan de hidratación para maratón entrenamiento y carrera recomendaciones,0,13,0%,6.69
cómo elegir zapatillas running para evitar lesiones 2025 2026,0,13,0%,7.08
how to choose summer running shirt key features 2025 2026,0,13,0%,7.38
san silvestre 2026,0,13,0%,7.69
cuáles son las mejores zapatillas para trail running en montaña,0,13,0%,8.23
asics nimbus vs nike pegasus,0,13,0%,8.31
maurten vs tailwind vs gatorade for marathon performance,0,13,0%,8.77
madrid marathon 2026 route,0,13,0%,9.31
beste energigel maraton 2026 anmeldelser,0,13,0%,9.46
5 km en cuanto tiempo se hace,0,13,0%,9.54
strava structured workout builder 2026,0,13,0%,10
5 kilometros corriendo tiempo,0,13,0%,10.54
cuanto es 5k corriendo,0,13,0%,11.62
best running shoes for neutral gait 2026,0,13,0%,13.54
plan de entrenamiento para empezar a correr y adelgazar,0,13,0%,13.62
zona 2 running,0,13,0%,15.46
beginner running kit essentials budget tips,0,13,0%,18.23
tiempo promedio 5k principiante,0,13,0%,19.77
differences between types of running clothes,0,13,0%,20.92
zapatillas running neutras 80 kilos,0,13,0%,21.69
hoka bondi 8 vs clifton 9,0,13,0%,22.38
zapatillas con pronación excesiva,0,13,0%,29.85
¨mejor app para corredores analíticos¨,0,13,0%,29.92
correr cerca de mi,0,13,0%,30.85
best running shoes for beginner runners,0,13,0%,37.62
carrera trail,0,13,0%,42.15
maraton valencia,0,13,0%,44.38
madrid maraton,0,13,0%,45.92
forerunner 55 review,0,13,0%,46.69
running shoe heel to toe drop,0,13,0%,52.46
heel drop,0,13,0%,60
accesorios para correr,0,13,0%,62.23
best foods for runners,0,13,0%,63.54
iron supplement for runners,0,13,0%,70.69
couch to 5k program,0,13,0%,73.38
calculadora de ritmos,0,13,0%,74.69
best running vest,0,13,0%,78.69
shin splints running,0,13,0%,79.46
mejores marcas creatina españa 2026,0,12,0%,3.17
mejores bebidas hidratación deportiva españa,0,12,0%,4.33
mallas compresión running recomendadas 2026,0,12,0%,4.92
mejores bebidas isotónicas electrolitos rendimiento deportivo comparación,0,12,0%,5.67
salomon speedcross vs hoka speedgoat,0,12,0%,6
best breathable materials for track jackets running tops 2025 2026,0,12,0%,6.08
mejores bebidas de hidratación para rendimiento deportivo óptimo 2025 2026,0,12,0%,6.08
running santander,0,12,0%,6.67
mejores auriculares para correr 2026,0,12,0%,7
best sports drinks for marathon hydration 2026,0,12,0%,7.75
best sports drink for marathon running 2025 or 2026,0,12,0%,8.25
garmin venu 3 product info and reviews,0,12,0%,8.58
5k en 25 minutos,0,12,0%,8.83
brooks ghost 16 vs nike pegasus 41,0,12,0%,8.83
ropa de entrenamiento vs ropa de running características,0,12,0%,9
best hydration drink for marathon 2026,0,12,0%,9.33
how to choose summer running shirt 2025 or 2026,0,12,0%,9.33
promedio de tiempo para correr 5 km,0,12,0%,10.17
best hangover recovery drinks compared 2026,0,12,0%,10.25
key factors to consider when buying performance running shoes 2025 2026,0,12,0%,10.33
best sports drinks for marathon running fuel hydration 2025 2026,0,12,0%,10.42
en cuanto se recorren 5 km,0,12,0%,10.42
5 km cuantos minutos son,0,12,0%,10.5
mejores relojes para correr 2026,0,12,0%,10.58
5km corriendo tiempo,0,12,0%,10.92
madrid marathon starting point,0,12,0%,10.92
5k en cuanto tiempo se hace,0,12,0%,11.08
rutas para correr cerca de mi,0,12,0%,11.58
run club madrid,0,12,0%,11.92
running coruña,0,12,0%,12
correr en madrid rio,0,12,0%,12.33
sub 3:30 marathon plan,0,12,0%,13.67
"best running apparel for race day aero fabrics race number integration 2025 
2026",0,12,0%,14.33
garmin 265 vs coros pace 3,0,12,0%,15.67
best running energy gels 2026,0,12,0%,16
sub 3 30 marathon pace,0,12,0%,17.58
seville marathon 2026,0,12,0%,21.5
novablast 5 vs hoka clifton 10,0,12,0%,21.58
sub 3:30 marathon,0,12,0%,22.75
running club madrid,0,12,0%,22.92
sub 3.30 marathon training plan,0,12,0%,25.67
is apple watch a good running watch,0,12,0%,26
maraton valencia 2026,0,12,0%,30.75
low drop height filling system,0,12,0%,32.25
drop zapatilla running,0,12,0%,33.33
best shoes to run a half marathon,0,12,0%,35.58
zonas de entrenamiento running,0,12,0%,38.25
is it bad to run everyday,0,12,0%,39.08
homemade running snacks,0,12,0%,39.5
best road running shoes,0,12,0%,39.75
comprar gps running,0,12,0%,42.33
entrenamiento media maratón principiantes,0,12,0%,44.33
best running headphones,0,12,0%,46.25
couch to 5 k,0,12,0%,53.92
complementos running,0,12,0%,58.5
side stitch while running,0,12,0%,59.33
strength workout for runners,0,12,0%,59.33
preparar media maratón,0,12,0%,64.58
side stitch when running,0,12,0%,66.5
best running water bottles,0,12,0%,66.75
walking or running,0,12,0%,67.08
que cenar antes de una carrera,0,12,0%,69.33
running and walking,0,12,0%,73.5
carreras en ciudad de méxico,0,12,0%,74.42
can you run pregnant,0,12,0%,78.83
running during pregnancy,0,12,0%,79.08
accesorios running,0,12,0%,82.17
vitamins for runners,0,12,0%,84.75
mejores gorras deportivas uso diario 2026,0,11,0%,1.82
running shoes replacement mileage 2025 or 2026,0,11,0%,2
bebidas recomendadas para hidratación en deportes 2025 or 2026,0,11,0%,5.27
mejores bebidas isotónicas electrolitos sodio potasio 2026,0,11,0%,5.45
"¿cuál es la mejor bebida electrolítica para una hidratación de alto 
rendimiento?",0,11,0%,5.55
mejores zapatillas running hombre soporte estabilidad 2026,0,11,0%,6.36
أفضل ليجنز ضغط للجري 2025 or 2026,0,11,0%,6.64
best sports drink for marathon fueling february 2026,0,11,0%,6.91
tools to manage group running meetups,0,11,0%,7
best sports drinks for marathon running fuel hydration 2026,0,11,0%,7.82
san silvestre madrid 2026,0,11,0%,7.82
best sports drink for marathon fueling 2026 or endurance running hydration,0,11,0%,8.09
cuanto tiempo es correr 5 km,0,11,0%,8.73
carrera corte ingles,0,11,0%,8.91
best budget running headphones 2026,0,11,0%,9.27
runner's world best running tights 2025 or 2026,0,11,0%,9.36
cuanto son 5 km en tiempo,0,11,0%,9.45
mejores tenis para corredores principiantes 2026,0,11,0%,9.45
tiempo estimado para correr 5 km,0,11,0%,9.45
cuantas veces correr a la semana,0,11,0%,9.55
best half marathon running shoes 2026,0,11,0%,9.64
cuanto se tarda en hacer 5 km corriendo,0,11,0%,9.73
coros pace 3 review 2026,0,11,0%,9.82
5k sub 25,0,11,0%,9.91
"evaluate the sports drinks company life wtr on feb 26 monthly - when should 
i hydrate during a marathon?",0,11,0%,9.91
best running shoes under 100 euros,0,11,0%,10.09
calentamiento media maraton,0,11,0%,10.18
creatina monohidratada mejor marca 2026,0,11,0%,10.18
"estoy buscando un reloj gps para corredores, ¿qué me recomiendan?",0,11,0%,10.27
mejor recovery running,0,11,0%,10.55
social running app,0,11,0%,10.82
cómo elegir camiseta para correr en verano consejos,0,11,0%,11.55
best energy gels for marathon running 2026,0,11,0%,12.64
marathon madrid 2026,0,11,0%,12.73
mejores auriculares para correr 2024,0,11,0%,13.45
best compression running tights 2026,0,11,0%,13.91