url,ok,error,final_url,title,title_len,meta_description,meta_len,canonical,robots,h1_count,h1_text,h2_count,h3_count,word_count,link_count,internal_blog_links,internal_app_links,city_links,schema_types,slug,trailing_slash_url,trailing_slash_canonical
https://www.correrjuntos.com/blog/alimentos-antiinflamatorios-runners,1,,https://www.correrjuntos.com/blog/alimentos-antiinflamatorios-runners,15 Alimentos Antiinflamatorios para Runners: Recupera Más Rápido - CorrerJuntos,79,"Los mejores alimentos antiinflamatorios para corredores: reduce inflamación, acelera recuperación y previene lesiones con estos 15 alimentos clave.",147,https://www.correrjuntos.com/blog/alimentos-antiinflamatorios-runners,"index, follow",1,15 Alimentos Antiinflamatorios para Runners: Recupera Más Rápido,12,45,6153,72,16,3,2,Answer|BlogPosting|BreadcrumbList|FAQPage|ImageObject|ListItem|Organization|Person|Question|WebPage|WebSite,alimentos-antiinflamatorios-runners,0,0
https://www.correrjuntos.com/blog/apple-watch-running-review,1,,https://www.correrjuntos.com/blog/apple-watch-running-review,Apple Watch para Running: ¿Merece la Pena para Corredores? | CorrerJuntos,73,"Análisis del Apple Watch para running: GPS, métricas de carrera, detección de caídas, música y apps. ¿Es suficiente para corredores serios?",139,https://www.correrjuntos.com/blog/apple-watch-running-review,"index, follow",1,Apple Watch para Running: ¿Merece la Pena para Corredores?,15,33,5900,79,16,3,2,Answer|BlogPosting|BreadcrumbList|FAQPage|ImageObject|ListItem|Organization|Person|Question|WebPage|WebSite,apple-watch-running-review,0,0
https://www.correrjuntos.com/blog/asics-gel-nimbus-26-vs-nike-pegasus-41,1,,https://www.correrjuntos.com/blog/asics-gel-nimbus-26-vs-nike-pegasus-41,ASICS Gel-Nimbus 26 vs Nike Pegasus 41: Cuál Elegir en 2026 - CorrerJuntos,74,"Comparativa ASICS Gel-Nimbus 26 vs Nike Pegasus 41. Amortiguación, peso, precio y para quién es cada una. La premium vs la versátil.",132,https://www.correrjuntos.com/blog/asics-gel-nimbus-26-vs-nike-pegasus-41,"index, follow",1,ASICS Gel-Nimbus 26 vs Nike Pegasus 41: Cuál Elegir en 2026,12,10,1760,62,7,3,2,Answer|BlogPosting|BreadcrumbList|FAQPage|ImageObject|ListItem|Organization|Person|Question|WebPage|WebSite,asics-gel-nimbus-26-vs-nike-pegasus-41,0,0
https://www.correrjuntos.com/blog/atletas-hibridos/mejores-mochilas-crossfit-2026/,1,,https://www.correrjuntos.com/blog/atletas-hibridos/mejores-mochilas-crossfit-2026,Las 10 mejores mochilas para CrossFit en 2026 | CorrerJuntos,60,"Comparativa de las 10 mejores mochilas para CrossFit en 2026. Modelos resistentes para entrenamiento híbrido, gym training y running + fuerza.",142,https://www.correrjuntos.com/blog/atletas-hibridos/mejores-mochilas-crossfit-2026,"index, follow",1,Las 10 mejores mochilas para CrossFit en 2026,7,15,1598,32,4,0,0,Answer|BlogPosting|BreadcrumbList|FAQPage|ListItem|Question,mejores-mochilas-crossfit-2026,1,0
https://www.correrjuntos.com/blog/auriculares-conduccion-osea-vs-in-ear-running,1,,https://www.correrjuntos.com/blog/auriculares-conduccion-osea-vs-in-ear-running,Auriculares de Conducción Ósea vs In-Ear para Correr: ¿Cuál Elegir? | CorrerJuntos,82,"Comparativa completa entre auriculares de conducción ósea e in-ear para running. Seguridad, calidad de sonido, comodidad y los mejores modelos de 2026.",151,https://www.correrjuntos.com/blog/auriculares-conduccion-osea-vs-in-ear-running,"index, follow",1,Auriculares de Conducción Ósea vs In-Ear para Correr: ¿Cuál Elegir?,12,25,4438,79,10,3,2,Answer|BlogPosting|BreadcrumbList|FAQPage|ImageObject|ListItem|Organization|Person|Question|WebPage|WebSite,auriculares-conduccion-osea-vs-in-ear-running,0,0
https://www.correrjuntos.com/blog/auriculares-running-natacion,1,,https://www.correrjuntos.com/blog/auriculares-running-natacion,Los Mejores Auriculares para Running y Natacion 2026: Guia Completa | CorrerJuntos,82,"Los 6 mejores auriculares para running y natacion en 2026. Conduccion osea, MP3 acuatico, IP68 y guía completa para triatletas. Shokz, FINIS, Sony y más.",153,https://www.correrjuntos.com/blog/auriculares-running-natacion,"index, follow",1,Los Mejores Auriculares para Running y Natacion 2026,18,31,6218,93,12,3,2,Answer|BlogPosting|BreadcrumbList|FAQPage|ImageObject|ListItem|Organization|Person|Question|WebPage|WebSite,auriculares-running-natacion,0,0
https://www.correrjuntos.com/blog/ayuno-intermitente-running,1,,https://www.correrjuntos.com/blog/ayuno-intermitente-running,Ayuno Intermitente y Running: ¿Compatible o Peligroso? - CorrerJuntos,69,"Ayuno intermitente para corredores: beneficios, riesgos, protocolos 16:8 y 5:2, cuándo entrenar en ayunas y cuándo evitarlo. Guía basada en evidencia.",150,https://www.correrjuntos.com/blog/ayuno-intermitente-running,"index, follow",1,Ayuno Intermitente y Running: ¿Compatible o Peligroso?,13,29,4575,66,17,3,2,Answer|BlogPosting|BreadcrumbList|FAQPage|ImageObject|ListItem|Organization|Person|Question|WebPage|WebSite,ayuno-intermitente-running,0,0
https://www.correrjuntos.com/blog/beneficios-correr-en-grupo,1,,https://www.correrjuntos.com/blog/beneficios-correr-en-grupo,7 Beneficios de Correr en Grupo Respaldados por Ciencia,55,"Los 7 beneficios de correr en grupo según la ciencia: más constancia, mejor rendimiento y salud mental. Descubre por qué correr acompañado engancha.",148,https://www.correrjuntos.com/blog/beneficios-correr-en-grupo,"index, follow",1,7 Beneficios de Correr en Grupo (Respaldados por la Ciencia),8,7,1290,56,17,5,2,Answer|BlogPosting|BreadcrumbList|FAQPage|ImageObject|ListItem|Organization|Person|Question|WebPage|WebSite,beneficios-correr-en-grupo,0,0
https://www.correrjuntos.com/blog/beneficios-de-correr,1,,https://www.correrjuntos.com/blog/beneficios-de-correr,Beneficios de Correr: 15 Razones Respaldadas por la Ciencia 2026 | CorrerJuntos,79,"Descubre los 15 beneficios de correr avalados por la ciencia: salud cardiovascular, pérdida de peso, salud mental, longevidad y más. Guía completa para motivarte a empezar.",172,https://www.correrjuntos.com/blog/beneficios-de-correr,"index, follow",1,Beneficios de Correr: 15 Razones Respaldadas por la Ciencia,10,25,2302,62,13,3,2,Answer|BlogPosting|BreadcrumbList|FAQPage|ImageObject|ListItem|Organization|Person|Question|WebPage|WebSite,beneficios-de-correr,0,0
https://www.correrjuntos.com/blog/cafeina-running-rendimiento,1,,https://www.correrjuntos.com/blog/cafeina-running-rendimiento,Cafeína y Running: Cómo Usarla para Mejorar tu Rendimiento | CorrerJuntos,73,"Cafeína para corredores: dosis óptima, timing, efectos en rendimiento, geles con cafeína, tolerancia y protocolo para carreras. Guía basada en ciencia.",151,https://www.correrjuntos.com/blog/cafeina-running-rendimiento,"index, follow",1,Cafeína y Running: Cómo Usarla para Mejorar tu Rendimiento,14,38,5476,71,14,3,2,Answer|BlogPosting|BreadcrumbList|FAQPage|ImageObject|ListItem|Organization|Person|Question|WebPage|WebSite,cafeina-running-rendimiento,0,0
https://www.correrjuntos.com/blog/calcetines-running,1,,https://www.correrjuntos.com/blog/calcetines-running,Los 8 Mejores Calcetines para Running 2026 | CorrerJuntos,57,"Ranking de los 8 mejores calcetines para correr en 2026. Balega, Stance, Darn Tough, Nike, Compressport, Kiprun, Injinji y CEP comparados por tejido, amortiguacion y prevención de ampollas.",189,https://www.correrjuntos.com/blog/calcetines-running,"index, follow",1,Los 8 Mejores Calcetines para Running en 2026,18,41,6788,83,8,3,2,Answer|BlogPosting|BreadcrumbList|FAQPage|ImageObject|ListItem|Organization|Person|Question|WebPage|WebSite,calcetines-running,0,0
https://www.correrjuntos.com/blog/carga-hidratos-maraton,1,,https://www.correrjuntos.com/blog/carga-hidratos-maraton,Carga de Hidratos antes de un Maratón: Protocolo Completo 2026 | CorrerJuntos,77,"Cómo hacer una carga de carbohidratos antes de un maratón: protocolo de 3 días, qué comer, cantidades, errores comunes y menú ejemplo día a día.",144,https://www.correrjuntos.com/blog/carga-hidratos-maraton,"index, follow",1,Carga de Hidratos antes de un Maratón: Protocolo Completo,14,26,4973,70,17,3,2,Answer|BlogPosting|BreadcrumbList|FAQPage|ImageObject|ListItem|Organization|Person|Question|WebPage|WebSite,carga-hidratos-maraton,0,0
https://www.correrjuntos.com/blog/carreras-trail-principiantes,1,,https://www.correrjuntos.com/blog/carreras-trail-principiantes,Las 10 Mejores Carreras de Trail para Principiantes en España 2026 | CorrerJuntos,81,"Ranking de las 10 mejores carreras de trail running para principiantes en España en 2026. Distancias cortas, desniveles asequibles, paisajes increibles y consejos para tu primera carrera de montaña.",198,https://www.correrjuntos.com/blog/carreras-trail-principiantes,"index, follow",1,Las 10 Mejores Carreras de Trail para Principiantes en España 2026,20,39,7207,74,16,3,2,Answer|BlogPosting|BreadcrumbList|FAQPage|ImageObject|ListItem|Organization|Person|Question|WebPage|WebSite,carreras-trail-principiantes,0,0
https://www.correrjuntos.com/blog/chalecos-hidratacion-running,1,,https://www.correrjuntos.com/blog/chalecos-hidratacion-running,Los 7 Mejores Chalecos de Hidratación para Running 2026 | CorrerJuntos,70,"Ranking de los 7 mejores chalecos de hidratación para running y trail 2026. Salomon, CamelBak, Nathan, Decathlon y más. Guía de compra, comparativa y opiniones.",160,https://www.correrjuntos.com/blog/chalecos-hidratacion-running,"index, follow",1,Los 7 Mejores Chalecos de Hidratación para Running 2026,13,32,5818,97,9,3,2,Answer|BlogPosting|BreadcrumbList|FAQPage|ImageObject|ItemList|ListItem|Organization|Person|Question|WebPage|WebSite,chalecos-hidratacion-running,0,0
https://www.correrjuntos.com/blog/chubasqueros-running,1,,https://www.correrjuntos.com/blog/chubasqueros-running,Los 8 Mejores Chubasqueros para Running en 2026 | CorrerJuntos,62,"Ranking de los 8 mejores chubasqueros para correr en 2026. Gore Wear, Salomon, Nike, The North Face y más. Comparativa de impermeabilidad, transpirabilidad, peso y precio.",171,https://www.correrjuntos.com/blog/chubasqueros-running,"index, follow",1,Los 8 Mejores Chubasqueros para Running en 2026,17,34,5791,83,11,3,2,Answer|BlogPosting|BreadcrumbList|FAQPage|ImageObject|ListItem|Organization|Person|Question|WebPage|WebSite,chubasqueros-running,0,0
https://www.correrjuntos.com/blog/cinturones-running,1,,https://www.correrjuntos.com/blog/cinturones-running,Los 8 Mejores Cinturones para Running en 2026 | CorrerJuntos,60,"Ranking de los 8 mejores cinturones y rinoneras para correr en 2026. FlipBelt, Naked Running Band, SPIbelt, Salomon y más. Comparativa de capacidad, rebote y compatibilidad con movil.",183,https://www.correrjuntos.com/blog/cinturones-running,"index, follow",1,Los 8 Mejores Cinturones para Running en 2026,17,41,6667,84,12,3,2,Answer|BlogPosting|BreadcrumbList|FAQPage|ImageObject|ItemList|ListItem|Organization|Person|Question|WebPage|WebSite,cinturones-running,0,0
https://www.correrjuntos.com/blog/como-calentar-antes-de-correr,1,,https://www.correrjuntos.com/blog/como-calentar-antes-de-correr,Cómo Calentar Antes de Correr: Rutina Completa Paso a Paso 2026 | CorrerJuntos,78,"Aprende cómo calentar antes de correr con esta rutina completa paso a paso: movilidad articular, trote suave, ejercicios dinámicos, activaciones y progresiones. Reduce lesiones y rinde más.",189,https://www.correrjuntos.com/blog/como-calentar-antes-de-correr,"index, follow",1,Cómo Calentar Antes de Correr: Rutina Completa Paso a Paso,10,23,2288,60,15,3,2,Answer|BlogPosting|BreadcrumbList|FAQPage|HowTo|HowToStep|ImageObject|ListItem|Organization|Person|Question|WebPage|WebSite,como-calentar-antes-de-correr,0,0
https://www.correrjuntos.com/blog/como-correr-mas-rapido,1,,https://www.correrjuntos.com/blog/como-correr-mas-rapido,Cómo Correr Más Rápido: 12 Claves para Mejorar tu Ritmo 2026 | CorrerJuntos,75,"Aprende cómo correr más rápido con 12 estrategias probadas: series, fartlek, fuerza, técnica de carrera, cadencia y planes de entrenamiento para mejorar tu marca.",162,https://www.correrjuntos.com/blog/como-correr-mas-rapido,"index, follow",1,Cómo Correr Más Rápido: 12 Claves para Mejorar tu Ritmo,11,18,2175,62,14,3,2,Answer|BlogPosting|BreadcrumbList|FAQPage|HowTo|HowToStep|ImageObject|ListItem|Organization|Person|Question|WebPage|WebSite,como-correr-mas-rapido,0,0
https://www.correrjuntos.com/blog/como-elegir-reloj-gps-running,1,,https://www.correrjuntos.com/blog/como-elegir-reloj-gps-running,Como Elegir un Reloj GPS para Running: Guía Completa 2026 | CorrerJuntos,72,"Guía para elegir el mejor reloj GPS de running segun tu nivel y presupuesto. Comparativa Garmin, COROS, Polar y Apple Watch. Funciones esenciales y.",148,https://www.correrjuntos.com/blog/como-elegir-reloj-gps-running,"index, follow",1,Como Elegir un Reloj GPS para Running: Guía Completa 2026,11,14,1889,70,10,3,2,Answer|BlogPosting|BreadcrumbList|FAQPage|HowTo|HowToStep|ImageObject|ListItem|Organization|Person|Question|WebPage|WebSite,como-elegir-reloj-gps-running,0,0
https://www.correrjuntos.com/blog/como-preparar-primera-carrera-5k,1,,https://www.correrjuntos.com/blog/como-preparar-primera-carrera-5k,Cómo Preparar tu Primera Carrera de 5K | Plan de Entrenamiento - CorrerJuntos,77,"Prepara tu primera carrera de 5K con nuestro plan de entrenamiento de 6 semanas. Consejos de nutrición, día de carrera y cómo cruzar la meta con una.",149,https://www.correrjuntos.com/blog/como-preparar-primera-carrera-5k,"index, follow",1,Cómo Preparar tu Primera Carrera de 5K,10,4,1244,54,10,3,2,Answer|BlogPosting|BreadcrumbList|FAQPage|HowTo|HowToStep|ImageObject|ListItem|Organization|Person|Question|WebPage|WebSite,como-preparar-primera-carrera-5k,0,0
https://www.correrjuntos.com/blog/como-respirar-al-correr,1,,https://www.correrjuntos.com/blog/como-respirar-al-correr,Cómo Respirar al Correr: Guía Completa de Técnica Respiratoria 2026 | CorrerJuntos,82,"Aprende cómo respirar correctamente al correr: respiración diafragmática, patrones rítmicos 3:2 y 2:1, nariz vs boca y ejercicios prácticos para cada ritmo.",156,https://www.correrjuntos.com/blog/como-respirar-al-correr,"index, follow",1,Cómo Respirar al Correr: Guía Completa de Técnica Respiratoria,12,26,2184,59,12,3,2,Answer|BlogPosting|BreadcrumbList|FAQPage|HowTo|HowToStep|ImageObject|ListItem|Organization|Person|Question|WebPage|WebSite,como-respirar-al-correr,0,0
https://www.correrjuntos.com/blog/coros-pace-3-review,1,,https://www.correrjuntos.com/blog/coros-pace-3-review,COROS PACE 3 Review Completa - El Mejor Reloj GPS Calidad-Precio | CorrerJuntos,79,"Review del COROS PACE 3: el reloj GPS running con mejor relación calidad-precio en 2026. GPS dual-band, 38h batería, 39g y todas las métricas qué necesitas.",156,https://www.correrjuntos.com/blog/coros-pace-3-review,"index, follow",1,COROS PACE 3: Review Completa - El Mejor Reloj GPS Calidad-Precio,15,27,5786,77,13,3,2,Answer|BlogPosting|BreadcrumbList|FAQPage|ImageObject|ListItem|Organization|Person|Question|WebPage|WebSite,coros-pace-3-review,0,0
https://www.correrjuntos.com/blog/correr-en-invierno,1,,https://www.correrjuntos.com/blog/correr-en-invierno,Correr en Invierno: Guía para No Dejar de Entrenar | CorrerJuntos,65,"Guía completa para correr en invierno: ropa técnica, calentamiento, seguridad con frío y lluvia, motivación y cómo adaptar tu entrenamiento cuando bajan.",153,https://www.correrjuntos.com/blog/correr-en-invierno,"index, follow",1,Correr en Invierno: Guía para No Dejar de Entrenar,19,14,2411,63,10,3,2,Answer|BlogPosting|BreadcrumbList|FAQPage|ImageObject|ListItem|Organization|Person|Question|WebPage|WebSite,correr-en-invierno,0,0
https://www.correrjuntos.com/blog/creatina-para-runners,1,,https://www.correrjuntos.com/blog/creatina-para-runners,Creatina para Corredores: 7 Beneficios Respaldados por la Ciencia 2026 | CorrerJuntos,85,"Descubre por qué la creatina no es solo para culturistas. 7 beneficios cientificamente probados para runners: recuperacion, glucogeno, sprint, huesos y cerebro.",160,https://www.correrjuntos.com/blog/creatina-para-runners,"index, follow",1,Creatina para Corredores: 7 Beneficios Respaldados por la Ciencia,14,26,3223,61,8,3,2,Answer|BlogPosting|BreadcrumbList|FAQPage|ImageObject|ListItem|Organization|Person|Question|WebPage|WebSite,creatina-para-runners,0,0
https://www.correrjuntos.com/blog/dieta-runner-que-comer,1,,https://www.correrjuntos.com/blog/dieta-runner-que-comer,Dieta para Runners: Qué Comer para Correr Mejor | CorrerJuntos,62,"Dieta completa para corredores: macronutrientes, timing de comidas, alimentos clave, suplementos y plan semanal para mejorar rendimiento y recuperación.",152,https://www.correrjuntos.com/blog/dieta-runner-que-comer,"index, follow",1,Dieta para Runners: Qué Comer para Correr Mejor,14,28,4516,78,22,3,2,Answer|BlogPosting|BreadcrumbList|FAQPage|ImageObject|ListItem|Organization|Person|Question|WebPage|WebSite,dieta-runner-que-comer,0,0
https://www.correrjuntos.com/blog/diferencias-trail-vs-asfalto,1,,https://www.correrjuntos.com/blog/diferencias-trail-vs-asfalto,"Trail Running vs Asfalto: Diferencias, Ventajas y Que Elegir | CorrerJuntos",75,"Comparativa completa entre trail running y running en asfalto. Biomecanica, lesiones, equipamiento, zapatillas, entrenamiento y cual elegir segun tu nivel y objetivos.",167,https://www.correrjuntos.com/blog/diferencias-trail-vs-asfalto,"index, follow",1,"Trail Running vs Asfalto: Diferencias, Ventajas y Que Elegir",18,38,4945,71,14,3,2,Answer|BlogPosting|BreadcrumbList|FAQPage|ImageObject|ListItem|Organization|Person|Question|WebPage|WebSite,diferencias-trail-vs-asfalto,0,0
https://www.correrjuntos.com/blog/dolor-rodilla-al-correr,1,,https://www.correrjuntos.com/blog/dolor-rodilla-al-correr,"Dolor de Rodilla al Correr: Causas, Tratamiento y Prevención 2026 | CorrerJuntos",80,"Dolor de rodilla al correr? Descubre las 6 causas más comunes, cómo tratarlas, ejercicios de fortalecimiento y cuándo debes parar. Guía completa para corredores.",161,https://www.correrjuntos.com/blog/dolor-rodilla-al-correr,"index, follow",1,"Dolor de Rodilla al Correr: Causas, Tratamiento y Prevención",11,21,2147,60,11,3,2,Answer|BlogPosting|BreadcrumbList|FAQPage|ImageObject|ListItem|Organization|Person|Question|WebPage|WebSite,dolor-rodilla-al-correr,0,0
https://www.correrjuntos.com/blog/empezar-a-correr-guia-principiantes,1,,https://www.correrjuntos.com/blog/empezar-a-correr-guia-principiantes,Cómo Empezar a Correr desde Cero: Guía + Plan 8 Semanas,55,"Guía paso a paso para empezar a correr desde cero. Plan de 8 semanas, técnica de carrera, nutrición básica y cómo evitar lesiones. Actualizado 2026.",148,https://www.correrjuntos.com/blog/empezar-a-correr-guia-principiantes,"index, follow",1,Cómo Empezar a Correr desde Cero: Guía Completa,13,20,1924,70,20,3,6,Answer|BlogPosting|BreadcrumbList|FAQPage|ImageObject|ListItem|Organization|Person|Question|WebPage|WebSite,empezar-a-correr-guia-principiantes,0,0
https://www.correrjuntos.com/blog/empezar-trail-running,1,,https://www.correrjuntos.com/blog/empezar-trail-running,Cómo Empezar en Trail Running: Guía Completa para Principiantes 2026 | CorrerJuntos,83,"Guía completa para empezar en trail running en 2026. Preparación física, equipamiento esencial, tipos de terreno, navegación, seguridad y plan de entrenamiento de 4 semanas para pasar del asfalto al trail.",205,https://www.correrjuntos.com/blog/empezar-trail-running,"index, follow",1,Cómo Empezar en Trail Running: Guía Completa para Principiantes 2026,21,31,5410,77,18,3,2,Answer|BlogPosting|BreadcrumbList|FAQPage|ImageObject|ListItem|Organization|Person|Question|WebPage|WebSite,empezar-trail-running,0,0
https://www.correrjuntos.com/blog/entrenamiento-por-zonas-running,1,,https://www.correrjuntos.com/blog/entrenamiento-por-zonas-running,"Entrenamiento por Zonas en Running: FC, Ritmo y Potencia Explicados | CorrerJuntos",82,"Guía completa de entrenamiento por zonas para corredores: zonas de frecuencia cardiaca, ritmo y potencia. Calcula tus zonas, aplica la regla 80/20 y estructura tu entrenamiento.",177,https://www.correrjuntos.com/blog/entrenamiento-por-zonas-running,"index, follow",1,"Entrenamiento por Zonas en Running: FC, Ritmo y Potencia Explicados",19,52,5300,69,18,3,2,Answer|BlogPosting|BreadcrumbList|FAQPage|ImageObject|ListItem|Organization|Person|Question|WebPage|WebSite,entrenamiento-por-zonas-running,0,0
https://www.correrjuntos.com/blog/equipamiento/las-10-mejores-gafas-deportivas-para-correr-en-2026/,1,,https://www.correrjuntos.com/blog/equipamiento/las-10-mejores-gafas-deportivas-para-correr-en-2026,Las 10 mejores gafas deportivas para correr en 2026 | CorrerJuntos,66,"Comparativa de las 10 mejores gafas deportivas para correr en 2026: modelos ligeros, cómodos y con protección UV para asfalto y trail.",134,https://www.correrjuntos.com/blog/equipamiento/las-10-mejores-gafas-deportivas-para-correr-en-2026,"index, follow",1,Las 10 mejores gafas deportivas para correr en 2026,8,15,1850,40,5,0,0,Answer|BlogPosting|BreadcrumbList|FAQPage|ListItem|Organization|Person|Question,las-10-mejores-gafas-deportivas-para-correr-en-2026,1,0
https://www.correrjuntos.com/blog/errores-comunes-corredores,1,,https://www.correrjuntos.com/blog/errores-comunes-corredores,Los 10 Errores Mas Comunes de los Corredores (y Como Evitarlos) | CorrerJuntos,78,"Errores qué cometen el 90% de corredores: sobreentrenamiento, zapatillas inadecuadas, no calentar, mala nutrición y más. Como detectarlos y corregirlos.",152,https://www.correrjuntos.com/blog/errores-comunes-corredores,"index, follow",1,Los 10 Errores Mas Comunes de los Corredores (y Como Evitarlos),3,11,1047,52,12,3,2,Answer|BlogPosting|BreadcrumbList|FAQPage|ImageObject|ListItem|Organization|Person|Question|WebPage|WebSite,errores-comunes-corredores,0,0
https://www.correrjuntos.com/blog/estiramientos-antes-despues-correr,1,,https://www.correrjuntos.com/blog/estiramientos-antes-despues-correr,Estiramientos Antes y Después de Correr | Rutina Completa - CorrerJuntos,72,Rutina completa de estiramientos antes y después de correr. Calentamiento dinámico y vuelta a la calma paso a paso para prevenir lesiones y mejorar tu.,151,https://www.correrjuntos.com/blog/estiramientos-antes-despues-correr,"index, follow",1,Estiramientos Esenciales Antes y Después de Correr,9,13,1219,47,8,3,2,Answer|BlogPosting|BreadcrumbList|FAQPage|ImageObject|ListItem|Organization|Person|Question|WebPage|WebSite,estiramientos-antes-despues-correr,0,0
https://www.correrjuntos.com/blog/estiramientos-post-carrera,1,,https://www.correrjuntos.com/blog/estiramientos-post-carrera,Estiramientos Post-Carrera: Recupera Mas Rápido | CorrerJuntos,62,"Rutina completa de estiramientos después de una carrera o competicion. 10 ejercicios para recuperar piernas, evitar agujetas y volver a entrenar antes.",151,https://www.correrjuntos.com/blog/estiramientos-post-carrera,"index, follow",1,Estiramientos Post-Carrera: Rutina Completa para Recuperar Mas Rápido,9,13,1295,54,8,3,2,Answer|BlogPosting|BreadcrumbList|FAQPage|ImageObject|ListItem|Organization|Person|Question|WebPage|WebSite,estiramientos-post-carrera,0,0
https://www.correrjuntos.com/blog/fascitis-plantar-corredores,1,,https://www.correrjuntos.com/blog/fascitis-plantar-corredores,"Fascitis Plantar en Corredores: Causas, Tratamiento y Prevención | CorrerJuntos",79,"Guía completa sobre fascitis plantar en runners: qué es, síntomas, causas, tratamiento, ejercicios de recuperación y cómo prevenirla para seguir corriendo sin dolor.",165,https://www.correrjuntos.com/blog/fascitis-plantar-corredores,"index, follow",1,"Fascitis Plantar en Corredores: Causas, Tratamiento y Prevención",14,32,2887,46,10,1,1,Answer|BlogPosting|BreadcrumbList|FAQPage|ImageObject|ListItem|Organization|Person|Question|WebPage|WebSite,fascitis-plantar-corredores,0,0
https://www.correrjuntos.com/blog/foam-rollers-runners,1,,https://www.correrjuntos.com/blog/foam-rollers-runners,Los 7 Mejores Foam Rollers para Corredores 2026 | CorrerJuntos,62,"Ranking de los 7 mejores foam rollers para corredores en 2026. TriggerPoint GRID, Blackroll, FITVEN, Hyperice y más. Guía completa de liberacion miofascial post-carrera.",169,https://www.correrjuntos.com/blog/foam-rollers-runners,"index, follow",1,Los 7 Mejores Foam Rollers para Corredores 2026,17,30,7287,85,11,3,2,Answer|BlogPosting|BreadcrumbList|FAQPage|ImageObject|ListItem|Organization|Person|Question|WebPage|WebSite,foam-rollers-runners,0,0
https://www.correrjuntos.com/blog/garmin-forerunner-265-vs-coros-pace-3,1,,https://www.correrjuntos.com/blog/garmin-forerunner-265-vs-coros-pace-3,Garmin Forerunner 265 vs COROS PACE 3: Comparativa 2026 - CorrerJuntos,70,"Comparativa Garmin Forerunner 265 vs COROS PACE 3. GPS, batería, métricas, precio. Cual es el mejor reloj running calidad-precio en 2026.",137,https://www.correrjuntos.com/blog/garmin-forerunner-265-vs-coros-pace-3,"index, follow",1,Garmin Forerunner 265 vs COROS PACE 3: Cual Elegir en 2026,11,11,1389,62,8,3,2,Answer|BlogPosting|BreadcrumbList|FAQPage|ImageObject|ListItem|Organization|Person|Question|WebPage|WebSite,garmin-forerunner-265-vs-coros-pace-3,0,0
https://www.correrjuntos.com/blog/garmin-forerunner-55-review,1,,https://www.correrjuntos.com/blog/garmin-forerunner-55-review,Garmin Forerunner 55: Review Completa para Runners | CorrerJuntos,65,"Review del Garmin Forerunner 55: el reloj GPS más vendido para empezar a correr. Funciones, batería, GPS, precio y comparativa con otros modelos.",145,https://www.correrjuntos.com/blog/garmin-forerunner-55-review,"index, follow",1,Garmin Forerunner 55: Review Completa para Runners,15,13,5110,76,13,3,2,Answer|BlogPosting|BreadcrumbList|FAQPage|ImageObject|ListItem|Organization|Person|Question|WebPage|WebSite,garmin-forerunner-55-review,0,0
https://www.correrjuntos.com/blog/garmin-venu-3-review,1,,https://www.correrjuntos.com/blog/garmin-venu-3-review,Garmin Venu 3 Review: El Smartwatch de Garmin para Runners - CorrerJuntos,73,"Review del Garmin Venu 3: pantalla AMOLED, funciones de salud avanzadas, GPS preciso y música offline. ¿Es mejor qué un Forerunner para correr?",143,https://www.correrjuntos.com/blog/garmin-venu-3-review,"index, follow",1,Garmin Venu 3: Review - El Smartwatch de Garmin para Runners,13,27,4868,73,13,3,2,Answer|BlogPosting|BreadcrumbList|FAQPage|ImageObject|ListItem|Organization|Person|Question|WebPage|WebSite,garmin-venu-3-review,0,0
https://www.correrjuntos.com/blog/gorras-running,1,,https://www.correrjuntos.com/blog/gorras-running,Las 8 Mejores Gorras para Running 2026 | CorrerJuntos,53,"Ranking de las 8 mejores gorras y viseras para correr en 2026. Nike AeroBill, Salomon XA, Buff Pack Run, CIELE GOCap y más. Guía completa con comparativa, protección UV y consejos de compra.",190,https://www.correrjuntos.com/blog/gorras-running,"index, follow",1,Las 8 Mejores Gorras para Running 2026,20,41,6842,85,9,3,2,Answer|BlogPosting|BreadcrumbList|FAQPage|ImageObject|ListItem|Organization|Person|Question|WebPage|WebSite,gorras-running,0,0
https://www.correrjuntos.com/blog/hidratacion-running-guia-completa,1,,https://www.correrjuntos.com/blog/hidratacion-running-guia-completa,"Hidratación para Running: Cuánto Beber Antes, Durante y Después de Correr (2026) | CorrerJuntos",95,"Plan de hidratación completo para runners: cuánto beber por km, electrolitos que necesitas, señales de deshidratación y errores que cometen el 90% de corredores.",161,https://www.correrjuntos.com/blog/hidratacion-running-guia-completa,"index, follow",1,Hidratación para Running: Guía Completa para Corredores,14,26,5406,74,12,3,2,Answer|BlogPosting|BreadcrumbList|FAQPage|ImageObject|ListItem|Organization|Person|Question|WebPage|WebSite,hidratacion-running-guia-completa,0,0
https://www.correrjuntos.com/blog/hoka-clifton-9-vs-bondi-8,1,,https://www.correrjuntos.com/blog/hoka-clifton-9-vs-bondi-8,Hoka Clifton 9 vs Bondi 8: Cual Elegir en 2026 - CorrerJuntos,61,"Comparativa Hoka Clifton 9 vs Bondi 8. Diferencias en amortiguación, peso, precio y para quien es cada una. Cual es mejor para ti.",130,https://www.correrjuntos.com/blog/hoka-clifton-9-vs-bondi-8,"index, follow",1,Hoka Clifton 9 vs Bondi 8: Cual es Mejor para Ti,12,10,1491,61,6,3,2,Answer|BlogPosting|BreadcrumbList|FAQPage|ImageObject|ListItem|Organization|Person|Question|WebPage|WebSite,hoka-clifton-9-vs-bondi-8,0,0
https://www.correrjuntos.com/blog/jbl-reflect-flow-pro-review,1,,https://www.correrjuntos.com/blog/jbl-reflect-flow-pro-review,"JBL Reflect Flow Pro Review para Runners: ANC, IP68 y Sonido Premium | CorrerJuntos",83,"Review completa de los JBL Reflect Flow Pro para running. ANC, Ambient Aware, IP68, ajuste PowerFin, 30h bateria y JBL Signature Sound. Todo lo qué necesitas saber.",164,https://www.correrjuntos.com/blog/jbl-reflect-flow-pro-review,"index, follow",1,JBL Reflect Flow Pro: Review Completa para Runners,18,22,5474,73,11,3,2,Answer|BlogPosting|BreadcrumbList|FAQPage|ImageObject|ListItem|Organization|Person|Question|WebPage|WebSite,jbl-reflect-flow-pro-review,0,0
https://www.correrjuntos.com/blog/lamparas-frontales-running,1,,https://www.correrjuntos.com/blog/lamparas-frontales-running,Las 7 Mejores Lámparas Frontales para Running 2026 | CorrerJuntos,65,"Las 7 mejores lámparas frontales para correr de noche en 2026. Comparativa de Petzl, Black Diamond, Silva y más: lúmenes, autonomía, peso y precio.",147,https://www.correrjuntos.com/blog/lamparas-frontales-running,"index, follow",1,Las 7 Mejores Lámparas Frontales para Running 2026,18,31,7022,82,11,3,2,Answer|BlogPosting|BreadcrumbList|FAQPage|ImageObject|ListItem|Organization|Person|Question|WebPage|WebSite,lamparas-frontales-running,0,0
https://www.correrjuntos.com/blog/mallas-running,1,,https://www.correrjuntos.com/blog/mallas-running,Las 10 Mejores Mallas para Running 2026 (Hombre y Mujer) | CorrerJuntos,71,"Ranking de las 10 mejores mallas y leggings para correr en 2026 para hombre y mujer. Desde 20 hasta 120 euros: compresion, tejidos, bolsillos y guía por temperatura.",165,https://www.correrjuntos.com/blog/mallas-running,"index, follow",1,Las 10 Mejores Mallas para Running 2026 (Hombre y Mujer),19,50,8084,89,11,3,2,Answer|BlogPosting|BreadcrumbList|FAQPage|ImageObject|ListItem|Organization|Person|Question|WebPage|WebSite,mallas-running,0,0
https://www.correrjuntos.com/blog/material-trail-running,1,,https://www.correrjuntos.com/blog/material-trail-running,"Material Trail Running y Ultramaratón: Equipamiento Esencial 2026 (Ropa, Mochilas, GPS) | CorrerJuntos",102,"Todo el material para trail running y ultramaratón 2026. Ropa técnica, mochilas, bastones, GPS y nutrición. Presupuesto por niveles desde 200€. Checklist descargable.",166,https://www.correrjuntos.com/blog/material-trail-running,"index, follow",1,Material Imprescindible para Trail Running: Guía de Equipamiento 2026,17,49,6719,83,10,3,2,Answer|BlogPosting|BreadcrumbList|FAQPage|ImageObject|ListItem|Organization|Person|Question|WebPage|WebSite,material-trail-running,0,0
https://www.correrjuntos.com/blog/mejor-reloj-gps-running-calidad-precio,1,,https://www.correrjuntos.com/blog/mejor-reloj-gps-running-calidad-precio,Mejor Reloj GPS Running Calidad-Precio 2026 | CorrerJuntos,58,"Comparativa de los mejores relojes GPS para running por calidad-precio en 2026. Garmin, COROS, Polar y Apple Watch analizados por rango de presupuesto.",151,https://www.correrjuntos.com/blog/mejor-reloj-gps-running-calidad-precio,"index, follow",1,Mejor Reloj GPS Running Calidad-Precio 2026,13,19,4710,78,12,3,2,Answer|BlogPosting|BreadcrumbList|FAQPage|ImageObject|ListItem|Organization|Person|Question|WebPage|WebSite,mejor-reloj-gps-running-calidad-precio,0,0
https://www.correrjuntos.com/blog/mejores-apps-running,1,,https://www.correrjuntos.com/blog/mejores-apps-running,Las 10 Mejores Apps para Correr en Grupo en España 2026 (Análisis Real),71,"Análisis actualizado 2026 de las 10 mejores apps para correr en grupo en España. Comparativa con precios, funciones y para quién es cada una. CorrerJuntos, Strava, Garmin y más.",177,https://www.correrjuntos.com/blog/mejores-apps-running,"index, follow",1,Las 10 Mejores Apps para Correr en Grupo en España 2026 (Análisis Real),10,20,2643,64,14,5,4,Answer|BlogPosting|BreadcrumbList|FAQPage|ImageObject|ListItem|Organization|Person|Question|WebPage|WebSite,mejores-apps-running,0,0
https://www.correrjuntos.com/blog/mejores-auriculares-baratos-running,1,,https://www.correrjuntos.com/blog/mejores-auriculares-baratos-running,Los 8 Mejores Auriculares Baratos para Running 2026 (Menos de 60€) | CorrerJuntos,81,"Ranking de los 8 mejores auriculares baratos para correr en 2026 por menos de 60 euros. Soundcore, JBL, Shokz y más analizados con pros, contras y guía de compra.",162,https://www.correrjuntos.com/blog/mejores-auriculares-baratos-running,"index, follow",1,Los 8 Mejores Auriculares Baratos para Running 2026,16,21,5692,72,11,3,1,Answer|BlogPosting|BreadcrumbList|FAQPage|ImageObject|ListItem|Organization|Person|Question|WebPage|WebSite,mejores-auriculares-baratos-running,0,0
https://www.correrjuntos.com/blog/mejores-auriculares-running,1,,https://www.correrjuntos.com/blog/mejores-auriculares-running,Mejores Auriculares para Correr 2026: Resistentes al Sudor y Seguros | CorrerJuntos,83,"Comparativa de los mejores auriculares para running en 2026. Conduccion osea, in-ear y open-ear. Shokz, JBL, Beats, Sony y más. Guía por tipo y.",144,https://www.correrjuntos.com/blog/mejores-auriculares-running,"index, follow",1,Mejores Auriculares para Correr en 2026: Resistentes al Sudor y Seguros,8,12,1598,70,7,3,2,Answer|BlogPosting|BreadcrumbList|FAQPage|ImageObject|ItemList|ListItem|Organization|Person|Question|WebPage|WebSite,mejores-auriculares-running,0,0
https://www.correrjuntos.com/blog/mejores-calleras-crossfit,1,,https://www.correrjuntos.com/blog/mejores-calleras-crossfit,Las 10 Mejores Calleras para CrossFit en 2026 | CorrerJuntos,60,"Descubre las mejores calleras para CrossFit en 2026. Comparativa con pros, contras y enlaces de Amazon para atletas híbridos.",125,https://www.correrjuntos.com/blog/mejores-calleras-crossfit,"index, follow",1,Las 10 Mejores Calleras para CrossFit en 2026,19,25,1257,61,9,2,2,Answer|BlogPosting|BreadcrumbList|FAQPage|ImageObject|ItemList|ListItem|Organization|Person|Question|WebPage|WebSite,mejores-calleras-crossfit,0,0
https://www.correrjuntos.com/blog/mejores-creatinas-running,1,,https://www.correrjuntos.com/blog/mejores-creatinas-running,Las 10 Mejores Creatinas para Running en 2026 | CorrerJuntos,60,"Comparativa de las mejores creatinas para running en 2026. Optimum Nutrition, Myprotein, HSN Creapure, Bulk y más. Guía completa de suplementación con creatina para corredores.",176,https://www.correrjuntos.com/blog/mejores-creatinas-running,"index, follow",1,Las 10 Mejores Creatinas para Running en 2026,9,16,3317,67,8,4,2,Answer|BlogPosting|BreadcrumbList|FAQPage|ImageObject|ItemList|ListItem|Organization|Person|Question|WebPage|WebSite,mejores-creatinas-running,0,0
https://www.correrjuntos.com/blog/mejores-rutas-correr-barcelona,1,,https://www.correrjuntos.com/blog/mejores-rutas-correr-barcelona,Las Mejores Rutas para Correr en Barcelona | Top 10 - CorrerJuntos,66,"Las 10 mejores rutas para correr en Barcelona: Montjuïc, paseo marítimo, Carretera de les Aigües y más. Distancias, dificultad y consejos para runners.",151,https://www.correrjuntos.com/blog/mejores-rutas-correr-barcelona,"index, follow",1,Las Mejores Rutas para Correr en Barcelona,11,17,2803,58,12,3,3,Answer|BlogPosting|BreadcrumbList|FAQPage|ImageObject|ListItem|Organization|Person|Question|WebPage|WebSite,mejores-rutas-correr-barcelona,0,0
https://www.correrjuntos.com/blog/mejores-rutas-correr-madrid,1,,https://www.correrjuntos.com/blog/mejores-rutas-correr-madrid,10 Mejores Rutas para Correr en Madrid (con Mapas y km),55,"Descubre las 10 mejores rutas para correr en Madrid. Retiro, Casa de Campo, Madrid Río y más. Con distancias, desnivel y consejos según tu nivel.",145,https://www.correrjuntos.com/blog/mejores-rutas-correr-madrid,"index, follow",1,Las Mejores Rutas para Correr en Madrid,11,17,2912,59,12,3,3,Answer|BlogPosting|BreadcrumbList|FAQPage|ImageObject|ListItem|Organization|Person|Question|WebPage|WebSite,mejores-rutas-correr-madrid,0,0
https://www.correrjuntos.com/blog/mejores-rutas-correr-malaga,1,,https://www.correrjuntos.com/blog/mejores-rutas-correr-malaga,Las 10 Mejores Rutas para Correr en Malaga 2026 | CorrerJuntos,62,"Las mejores rutas para correr en Malaga: Paseo Maritimo, Montes de Malaga, Desembocadura del Guadalhorce y más. Distancias, dificultad y consejos para.",151,https://www.correrjuntos.com/blog/mejores-rutas-correr-malaga,"index, follow",1,Las 10 Mejores Rutas para Correr en Malaga,10,18,2697,65,11,3,6,Answer|BlogPosting|BreadcrumbList|FAQPage|ImageObject|ListItem|Organization|Person|Question|WebPage|WebSite,mejores-rutas-correr-malaga,0,0
https://www.correrjuntos.com/blog/mejores-rutas-correr-sevilla,1,,https://www.correrjuntos.com/blog/mejores-rutas-correr-sevilla,Las 10 Mejores Rutas para Correr en Sevilla 2026 - CorrerJuntos,63,"Las mejores rutas para correr en Sevilla. Parque de Maria Luisa, Guadalquivir, Alamillo y más. Distancias, dificultad y consejos para runners.",142,https://www.correrjuntos.com/blog/mejores-rutas-correr-sevilla,"index, follow",1,Las 10 Mejores Rutas para Correr en Sevilla,10,17,2757,59,10,3,4,Answer|BlogPosting|BreadcrumbList|FAQPage|ImageObject|ListItem|Organization|Person|Question|WebPage|WebSite,mejores-rutas-correr-sevilla,0,0
https://www.correrjuntos.com/blog/mejores-rutas-correr-valencia,1,,https://www.correrjuntos.com/blog/mejores-rutas-correr-valencia,Las Mejores Rutas para Correr en Valencia | Top 10 - CorrerJuntos,65,"Las 10 mejores rutas para correr en Valencia: Jardín del Turia, paseo marítimo, Albufera y más. Distancias, dificultad y consejos para runners.",143,https://www.correrjuntos.com/blog/mejores-rutas-correr-valencia,"index, follow",1,Las Mejores Rutas para Correr en Valencia,11,17,2718,57,11,3,3,Answer|BlogPosting|BreadcrumbList|FAQPage|ImageObject|ListItem|Organization|Person|Question|WebPage|WebSite,mejores-rutas-correr-valencia,0,0
https://www.correrjuntos.com/blog/mejores-suplementos-runners,1,,https://www.correrjuntos.com/blog/mejores-suplementos-runners,Mejores Suplementos para Runners 2026 — Guía Completa,53,"Geles, bebidas isotónicas, recuperadores y vitaminas para corredores. Descubre qué suplementos realmente necesitas y cuáles puedes ahorrarte. Con precios.",154,https://www.correrjuntos.com/blog/mejores-suplementos-runners,"index, follow",1,Mejores Suplementos para Runners: Lo que Realmente Necesitas,13,18,2836,75,11,3,4,Answer|BlogPosting|BreadcrumbList|FAQPage|ImageObject|ListItem|Organization|Person|Question|WebPage|WebSite,mejores-suplementos-runners,0,0
https://www.correrjuntos.com/blog/mejores-zapatillas-running-asfalto,1,,https://www.correrjuntos.com/blog/mejores-zapatillas-running-asfalto,Mejores Zapatillas Running Asfalto 2026 ▷ Comprar en España,59,"Las 10 mejores zapatillas de running para asfalto 2026 y dónde comprarlas en España. Nike Pegasus, Hoka Clifton, ASICS Nimbus, Brooks Ghost. Precios desde 89€. Guía por pisada y nivel.",184,https://www.correrjuntos.com/blog/mejores-zapatillas-running-asfalto,"index, follow",1,Las 10 Mejores Zapatillas de Running para Asfalto en 2026,10,18,2507,83,19,4,2,Answer|BlogPosting|BreadcrumbList|FAQPage|ImageObject|ListItem|Organization|Person|Question|WebPage|WebSite,mejores-zapatillas-running-asfalto,0,0
https://www.correrjuntos.com/blog/mejores-zapatillas-running-baratas,1,,https://www.correrjuntos.com/blog/mejores-zapatillas-running-baratas,Las Mejores Zapatillas de Running Baratas en 2026 (Menos de 100€) | CorrerJuntos,80,"Las 8 mejores zapatillas de running por menos de 100 euros en 2026. Modelos de temporada anterior, marcas asequibles y trucos para ahorrar sin sacrificar calidad.",162,https://www.correrjuntos.com/blog/mejores-zapatillas-running-baratas,"index, follow",1,Las Mejores Zapatillas de Running Baratas en 2026 (Menos de 100€),11,21,4844,73,13,3,2,Answer|BlogPosting|BreadcrumbList|FAQPage|ImageObject|ListItem|Organization|Person|Question|WebPage|WebSite,mejores-zapatillas-running-baratas,0,0
https://www.correrjuntos.com/blog/mejores-zapatillas-running-mujer,1,,https://www.correrjuntos.com/blog/mejores-zapatillas-running-mujer,Las 10 Mejores Zapatillas de Running para Mujer 2026 | CorrerJuntos,67,"Ranking de las mejores zapatillas de running para mujer en 2026. Nike, Hoka, ASICS, Brooks y New Balance analizadas por comodidad, amortiguación y precio.",154,https://www.correrjuntos.com/blog/mejores-zapatillas-running-mujer,"index, follow",1,Las 10 Mejores Zapatillas de Running para Mujer 2026,11,23,4304,80,12,3,2,Answer|BlogPosting|BreadcrumbList|FAQPage|ImageObject|ListItem|Organization|Person|Question|WebPage|WebSite,mejores-zapatillas-running-mujer,0,0
https://www.correrjuntos.com/blog/mejores-zapatillas-running-principiantes,1,,https://www.correrjuntos.com/blog/mejores-zapatillas-running-principiantes,Mejores Zapatillas para Empezar a Correr 2026 | Guía Principiantes - CorrerJuntos,81,"Las mejores zapatillas de running para principiantes en 2026. Como elegir tu primera zapatilla, qué buscar y 6 modelos recomendados con precios.",144,https://www.correrjuntos.com/blog/mejores-zapatillas-running-principiantes,"index, follow",1,Mejores Zapatillas para Empezar a Correr en 2026,12,22,2611,64,9,3,2,Answer|BlogPosting|BreadcrumbList|FAQPage|ImageObject|ListItem|Organization|Person|Question|WebPage|WebSite,mejores-zapatillas-running-principiantes,0,0
https://www.correrjuntos.com/blog/mejores-zapatillas-running-sobrepeso,1,,https://www.correrjuntos.com/blog/mejores-zapatillas-running-sobrepeso,Mejores Zapatillas de Running para Corredores con Sobrepeso 2026 | CorrerJuntos,79,"Las 7 mejores zapatillas de running para corredores de más de 80 kg en 2026. Máxima amortiguación, soporte y durabilidad para correr con total confianza.",153,https://www.correrjuntos.com/blog/mejores-zapatillas-running-sobrepeso,"index, follow",1,Mejores Zapatillas de Running para Corredores con Sobrepeso 2026,12,22,4651,75,14,3,2,Answer|BlogPosting|BreadcrumbList|FAQPage|ImageObject|ListItem|Organization|Person|Question|WebPage|WebSite,mejores-zapatillas-running-sobrepeso,0,0
https://www.correrjuntos.com/blog/nike-pegasus-41-vs-brooks-ghost-16,1,,https://www.correrjuntos.com/blog/nike-pegasus-41-vs-brooks-ghost-16,Nike Pegasus 41 vs Brooks Ghost 16: Cuál Elegir en 2026 - CorrerJuntos,70,"Comparativa Nike Pegasus 41 vs Brooks Ghost 16. Amortiguación, peso, precio y para quién es cada una. Las dos zapatillas más versátiles de 2026.",144,https://www.correrjuntos.com/blog/nike-pegasus-41-vs-brooks-ghost-16,"index, follow",1,Nike Pegasus 41 vs Brooks Ghost 16: Cuál es Mejor para Ti,12,10,1714,64,9,3,2,Answer|BlogPosting|BreadcrumbList|FAQPage|ImageObject|ListItem|Organization|Person|Question|WebPage|WebSite,nike-pegasus-41-vs-brooks-ghost-16,0,0
https://www.correrjuntos.com/blog/nutricion-dia-de-carrera,1,,https://www.correrjuntos.com/blog/nutricion-dia-de-carrera,"Nutricion Dia de Carrera: Que Comer Antes, Durante y Despues - CorrerJuntos",75,"Guía completa de nutrición para el dia de carrera. Desayuno pre-carrera, geles durante, recuperacion despues. Para 5K, 10K y media maraton.",139,https://www.correrjuntos.com/blog/nutricion-dia-de-carrera,"index, follow",1,Nutricion Dia de Carrera: Guía Completa para Rendir al Maximo,11,5,931,59,7,3,2,Answer|BlogPosting|BreadcrumbList|FAQPage|ImageObject|ListItem|Organization|Person|Question|WebPage|WebSite,nutricion-dia-de-carrera,0,0
https://www.correrjuntos.com/blog/nutricion-para-runners,1,,https://www.correrjuntos.com/blog/nutricion-para-runners,Qué Comer Antes y Después de Correr | Guía Nutrición,52,"Guía de nutrición para runners: qué comer antes, durante y después de correr. Desayunos, snacks, hidratación y errores comunes que debes evitar.",144,https://www.correrjuntos.com/blog/nutricion-para-runners,"index, follow",1,Qué Comer Antes y Después de Correr,11,6,1006,56,9,3,2,Answer|BlogPosting|BreadcrumbList|FAQPage|ImageObject|ListItem|Organization|Person|Question|WebPage|WebSite,nutricion-para-runners,0,0
https://www.correrjuntos.com/blog/pack-basico-running-principiantes,1,,https://www.correrjuntos.com/blog/pack-basico-running-principiantes,Pack Básico de Running: Todo lo que Necesitas para Empezar a Correr | CorrerJuntos,82,"Guía completa del equipamiento básico para empezar a correr. Desde zapatillas hasta accesorios: qué comprar primero, cuánto gastar y qué evitar. Presupuestos desde 200 euros.",174,https://www.correrjuntos.com/blog/pack-basico-running-principiantes,"index, follow",1,Pack Básico de Running: Todo lo que Necesitas para Empezar a Correr,12,22,4328,80,17,3,2,Answer|BlogPosting|BreadcrumbList|FAQPage|ImageObject|ListItem|Organization|Person|Question|WebPage|WebSite,pack-basico-running-principiantes,0,0
https://www.correrjuntos.com/blog/periostitis-tibial-running,1,,https://www.correrjuntos.com/blog/periostitis-tibial-running,"Periostitis Tibial en Running: Causas, Tratamiento y Prevención | CorrerJuntos",78,"Guía completa sobre periostitis tibial (shin splints) en corredores: por qué duelen las espinillas al correr, síntomas, causas, ejercicios de recuperación y cómo prevenirla.",173,https://www.correrjuntos.com/blog/periostitis-tibial-running,"index, follow",1,Periostitis Tibial: Por Qué Duelen las Espinillas al Correr y Cómo Solucionarlo,14,36,4740,48,12,1,1,Answer|BlogPosting|BreadcrumbList|FAQPage|ImageObject|ListItem|Organization|Person|Question|WebPage|WebSite,periostitis-tibial-running,0,0
https://www.correrjuntos.com/blog/plan-entrenamiento-10k,1,,https://www.correrjuntos.com/blog/plan-entrenamiento-10k,Plan Entrenamiento 10K Principiantes | 8 Semanas (2026),55,"Plan de entrenamiento de 8 semanas para tu primera 10K. Progresión gradual, tipos de sesión, nutrición y consejos para el día de carrera. Actualizado 2026.",155,https://www.correrjuntos.com/blog/plan-entrenamiento-10k,"index, follow",1,Plan de Entrenamiento 10K para Principiantes,9,0,949,51,9,3,2,Answer|BlogPosting|BreadcrumbList|FAQPage|ImageObject|ListItem|Organization|Person|Question|WebPage|WebSite,plan-entrenamiento-10k,0,0
https://www.correrjuntos.com/blog/plan-entrenamiento-media-maraton,1,,https://www.correrjuntos.com/blog/plan-entrenamiento-media-maraton,Plan Entrenamiento Media Maratón: 12 Semanas (Tabla PDF),56,"Plan de 12 semanas para tu primera media maratón. Tabla semana a semana, sesiones de calidad, nutrición y consejos para cruzar la meta de los 21K.",146,https://www.correrjuntos.com/blog/plan-entrenamiento-media-maraton,"index, follow",1,Plan de Entrenamiento Media Maratón: De 10K a 21K en 12 Semanas,12,11,1695,59,8,3,2,Answer|BlogPosting|BreadcrumbList|FAQPage|ImageObject|ListItem|Organization|Person|Question|WebPage|WebSite,plan-entrenamiento-media-maraton,0,0
https://www.correrjuntos.com/blog/polar-pacer-pro-review,1,,https://www.correrjuntos.com/blog/polar-pacer-pro-review,Polar Pacer Pro Review: El Reloj de Running Más Infravalorado - CorrerJuntos,76,"Review del Polar Pacer Pro: métricas de running avanzadas, potencia de carrera, GPS preciso y la mejor app de entrenamiento. Análisis completo 2026.",148,https://www.correrjuntos.com/blog/polar-pacer-pro-review,"index, follow",1,Polar Pacer Pro: Review - El Reloj de Running Mas Infravalorado,15,23,4666,78,14,3,2,Answer|BlogPosting|BreadcrumbList|FAQPage|ImageObject|ListItem|Organization|Person|Question|WebPage|WebSite,polar-pacer-pro-review,0,0
https://www.correrjuntos.com/blog/potencia-en-running,1,,https://www.correrjuntos.com/blog/potencia-en-running,"Potencia en Running: Qué Es, Cómo Medirla y Cómo Entrenar con Vatios | CorrerJuntos",83,"Guía completa de potencia en running: qué son los vatios, cómo medirlos (Stryd, Garmin, COROS), zonas de potencia, FTP, W/kg y cómo entrenar con potencia para mejorar.",167,https://www.correrjuntos.com/blog/potencia-en-running,"index, follow",1,"Potencia en Running: Qué Es, Cómo Medirla y Cómo Entrenar con Vatios",18,59,6720,69,12,3,2,Answer|BlogPosting|BreadcrumbList|FAQPage|ImageObject|ListItem|Organization|Person|Question|WebPage|WebSite,potencia-en-running,0,0
https://www.correrjuntos.com/blog/prevenir-lesiones-running,1,,https://www.correrjuntos.com/blog/prevenir-lesiones-running,Cómo Prevenir Lesiones al Correr: Guía Completa 2026 | CorrerJuntos,67,"Guía completa para prevenir lesiones en running: regla del 10%, calentamiento, fortalecimiento, zapatillas, descanso y señales de alerta. Reduce tu riesgo de lesión con estrategias basadas en evidencia.",202,https://www.correrjuntos.com/blog/prevenir-lesiones-running,"index, follow",1,Cómo Prevenir Lesiones al Correr: Guía Completa 2026,15,32,4576,57,18,1,1,Answer|BlogPosting|BreadcrumbList|FAQPage|ImageObject|ListItem|Organization|Person|Question|WebPage|WebSite,prevenir-lesiones-running,0,0
https://www.correrjuntos.com/blog/proteinas-para-runners,1,,https://www.correrjuntos.com/blog/proteinas-para-runners,Proteinas para Runners: Cuanta Necesitas y las Mejores Fuentes - CorrerJuntos,77,"Guía de proteinas para corredores: cantidad diaria, timing, mejores fuentes animales y vegetales, suplementos de proteina y recuperacion muscular.",146,https://www.correrjuntos.com/blog/proteinas-para-runners,"index, follow",1,Proteinas para Runners: Cuanta Necesitas y las Mejores Fuentes,14,40,5425,73,17,3,2,Answer|BlogPosting|BreadcrumbList|FAQPage|ImageObject|ListItem|Organization|Person|Question|WebPage|WebSite,proteinas-para-runners,0,0
https://www.correrjuntos.com/blog/que-comer-antes-de-correr,1,,https://www.correrjuntos.com/blog/que-comer-antes-de-correr,Qué Comer Antes de Correr: Guía de Alimentación Pre-Entreno 2026 | CorrerJuntos,79,"Qué comer antes de correr según el tipo de entrenamiento: rodaje, series, carrera larga y competición. Timing, cantidades y alimentos concretos.",144,https://www.correrjuntos.com/blog/que-comer-antes-de-correr,"index, follow",1,Qué Comer Antes de Correr: Guía de Alimentación Pre-Entreno,12,17,1668,61,12,3,2,Answer|BlogPosting|BreadcrumbList|FAQPage|ImageObject|ListItem|Organization|Person|Question|WebPage|WebSite,que-comer-antes-de-correr,0,0
https://www.correrjuntos.com/blog/que-gel-energetico-usar-maraton,1,,https://www.correrjuntos.com/blog/que-gel-energetico-usar-maraton,Qué Gel Energético Usar en un Maratón: Guía Completa 2026 | CorrerJuntos,72,"Guía de geles energéticos para maratón: cuándo tomarlos, qué tipos hay, cómo entrenar el estómago y los mejores geles de 2026. Maurten, SiS, Precision Fuel.",156,https://www.correrjuntos.com/blog/que-gel-energetico-usar-maraton,"index, follow",1,Qué Gel Energético Usar en un Maratón: Guía Completa 2026,12,25,4095,67,11,3,2,Answer|BlogPosting|BreadcrumbList|FAQPage|ImageObject|ListItem|Organization|Person|Question|WebPage|WebSite,que-gel-energetico-usar-maraton,0,0
https://www.correrjuntos.com/blog/que-zapatillas-running-comprar-segun-nivel,1,,https://www.correrjuntos.com/blog/que-zapatillas-running-comprar-segun-nivel,Qué Zapatillas de Running Comprar Según tu Nivel 2026 | CorrerJuntos,68,"Guía para elegir zapatillas de running según tu nivel: principiante, intermedio o avanzado. Recomendaciones concretas con precios y enlaces a Amazon.",149,https://www.correrjuntos.com/blog/que-zapatillas-running-comprar-segun-nivel,"index, follow",1,Qué Zapatillas de Running Comprar Según tu Nivel,12,26,4865,79,16,3,2,Answer|BlogPosting|BreadcrumbList|FAQPage|ImageObject|ListItem|Organization|Person|Question|WebPage|WebSite,que-zapatillas-running-comprar-segun-nivel,0,0
https://www.correrjuntos.com/blog/rodilla-del-corredor,1,,https://www.correrjuntos.com/blog/rodilla-del-corredor,Rodilla del Corredor (Síndrome IT): Guía Completa | CorrerJuntos,64,"Guía completa sobre la rodilla del corredor y el síndrome de la cintilla iliotibial: causas, síntomas, ejercicios de fortalecimiento, tratamiento y cómo volver a correr sin dolor lateral de rodilla.",198,https://www.correrjuntos.com/blog/rodilla-del-corredor,"index, follow",1,Rodilla del Corredor: Síndrome de la Cintilla Iliotibial,14,35,4323,50,14,1,1,Answer|BlogPosting|BreadcrumbList|FAQPage|ImageObject|ListItem|Organization|Person|Question|WebPage|WebSite,rodilla-del-corredor,0,0
https://www.correrjuntos.com/blog/ropa-tecnica-running,1,,https://www.correrjuntos.com/blog/ropa-tecnica-running,Ropa Tecnica para Correr: Guía por Temperatura y Estacion 2026 | CorrerJuntos,77,"Guía completa de ropa técnica para running segun la temperatura. Que ponerte en invierno, verano, lluvia y entre estaciones. Materiales, capas y.",145,https://www.correrjuntos.com/blog/ropa-tecnica-running,"index, follow",1,Ropa Tecnica para Correr: Guía Completa por Temperatura y Estacion,12,17,3096,77,11,3,2,Answer|BlogPosting|BreadcrumbList|FAQPage|ImageObject|ListItem|Organization|Person|Question|WebPage|WebSite,ropa-tecnica-running,0,0
https://www.correrjuntos.com/blog/running/como-empezar-a-correr-desde-cero/,1,,https://www.correrjuntos.com/blog/running/como-empezar-a-correr-desde-cero,Cómo empezar a correr desde cero (guía completa) | CorrerJuntos,63,"Guía completa para empezar a correr desde cero en 2026: plan por semanas, consejos para evitar lesiones, equipamiento recomendado y claves para mantener la motivación.",167,https://www.correrjuntos.com/blog/running/como-empezar-a-correr-desde-cero,"index, follow",1,Cómo empezar a correr desde cero (guía completa),10,8,823,30,4,0,2,Answer|BlogPosting|BreadcrumbList|FAQPage|ImageObject|ListItem|Organization|Person|Question,como-empezar-a-correr-desde-cero,1,0
https://www.correrjuntos.com/blog/salomon-speedcross-6-vs-hoka-speedgoat-6,1,,https://www.correrjuntos.com/blog/salomon-speedcross-6-vs-hoka-speedgoat-6,Salomon Speedcross 6 vs Hoka Speedgoat 6: Cuál Elegir para Trail 2026 - CorrerJuntos,84,"Comparativa Salomon Speedcross 6 vs Hoka Speedgoat 6. Las dos mejores zapatillas de trail running 2026. Agarre, amortiguación, terreno y precio.",144,https://www.correrjuntos.com/blog/salomon-speedcross-6-vs-hoka-speedgoat-6,"index, follow",1,Salomon Speedcross 6 vs Hoka Speedgoat 6: Cuál Elegir para Trail,12,11,1991,60,6,3,2,Answer|BlogPosting|BreadcrumbList|FAQPage|ImageObject|ListItem|Organization|Person|Question|WebPage|WebSite,salomon-speedcross-6-vs-hoka-speedgoat-6,0,0
https://www.correrjuntos.com/blog/shokz-openrun-pro-2-review,1,,https://www.correrjuntos.com/blog/shokz-openrun-pro-2-review,Shokz OpenRun Pro 2 Review 2026: Opinión Tras 200+ km Corriendo,63,"Review de los Shokz OpenRun Pro 2 tras 200+ km corriendo. Conducción ósea mejorada, 10h batería, IP55, Bluetooth 5.3. ¿Merece la pena? Precio, pros, contras y veredicto.",169,https://www.correrjuntos.com/blog/shokz-openrun-pro-2-review,"index, follow",1,Shokz OpenRun Pro 2: Review Completa para Runners,19,24,5359,87,12,3,2,Answer|BlogPosting|BreadcrumbList|FAQPage|ImageObject|ListItem|Organization|Person|Question|WebPage|WebSite,shokz-openrun-pro-2-review,0,0
https://www.correrjuntos.com/blog/smartwatch-vs-reloj-gps-running,1,,https://www.correrjuntos.com/blog/smartwatch-vs-reloj-gps-running,Smartwatch vs Reloj GPS para Running: ¿Cuál Necesitas? | CorrerJuntos,69,"Smartwatch o reloj GPS deportivo para correr: diferencias reales, ventajas de cada tipo, comparativa de modelos y guía para elegir según tu perfil de corredor.",159,https://www.correrjuntos.com/blog/smartwatch-vs-reloj-gps-running,"index, follow",1,Smartwatch vs Reloj GPS para Running: ¿Cuál Necesitas?,16,24,6300,86,19,3,2,Answer|BlogPosting|BreadcrumbList|FAQPage|ImageObject|ListItem|Organization|Person|Question|WebPage|WebSite,smartwatch-vs-reloj-gps-running,0,0
https://www.correrjuntos.com/blog/strava-vs-garmin-connect,1,,https://www.correrjuntos.com/blog/strava-vs-garmin-connect,Strava vs Garmin Connect: Comparativa Completa para Runners 2026 | CorrerJuntos,79,"Strava vs Garmin Connect: comparativa completa 2026 para runners. GPS, planes de entrenamiento, social, precio, segmentos, rutas y cuál elegir según tu perfil.",159,https://www.correrjuntos.com/blog/strava-vs-garmin-connect,"index, follow",1,Strava vs Garmin Connect: Comparativa Completa para Runners 2026,24,40,5496,75,17,3,2,Answer|BlogPosting|BreadcrumbList|FAQPage|ImageObject|ListItem|Organization|Person|Question|WebPage|WebSite,strava-vs-garmin-connect,0,0
https://www.correrjuntos.com/blog/tendinitis-aquiles-running,1,,https://www.correrjuntos.com/blog/tendinitis-aquiles-running,"Tendinitis de Aquiles en Runners: Causas, Tratamiento y Prevención | CorrerJuntos",81,"Guía completa sobre tendinopatía de Aquiles en corredores: diferencias entre insercional y media porción, síntomas, causas, protocolo de Alfredson, ejercicios excéntricos y cómo volver a correr sin dolor.",204,https://www.correrjuntos.com/blog/tendinitis-aquiles-running,"index, follow",1,"Tendinitis de Aquiles en Runners: Causas, Tratamiento y Prevención",14,38,4473,51,14,1,1,Answer|BlogPosting|BreadcrumbList|FAQPage|ImageObject|ListItem|Organization|Person|Question|WebPage|WebSite,tendinitis-aquiles-running,0,0
https://www.correrjuntos.com/blog/variabilidad-cardiaca-running,1,,https://www.correrjuntos.com/blog/variabilidad-cardiaca-running,Variabilidad de la Frecuencia Cardíaca (HRV) para Runners: Guía Completa 2026 | CorrerJuntos,92,"Guía completa sobre HRV para corredores: qué es la variabilidad cardíaca, cómo medirla, interpretar tus datos, detectar sobreentrenamiento y los mejores dispositivos (WHOOP, Oura Ring, Garmin).",193,https://www.correrjuntos.com/blog/variabilidad-cardiaca-running,"index, follow",1,Variabilidad de la Frecuencia Cardíaca (HRV) para Runners: Guía Completa,20,39,7596,77,18,4,2,Answer|BlogPosting|BreadcrumbList|FAQPage|ImageObject|ListItem|Organization|Person|Question|WebPage|WebSite,variabilidad-cardiaca-running,0,0
https://www.correrjuntos.com/blog/zapatillas-running-pronadores,1,,https://www.correrjuntos.com/blog/zapatillas-running-pronadores,Zapatillas de Running para Pronadores: Guía Completa 2026 | CorrerJuntos,72,"Guía de zapatillas de running para pronadores en 2026. Qué es la pronación, cómo saber tu tipo de pisada y las mejores zapatillas con estabilidad.",146,https://www.correrjuntos.com/blog/zapatillas-running-pronadores,"index, follow",1,Zapatillas de Running para Pronadores: Guía Completa 2026,12,28,4436,72,13,3,2,Answer|BlogPosting|BreadcrumbList|FAQPage|ImageObject|ListItem|Organization|Person|Question|WebPage|WebSite,zapatillas-running-pronadores,0,0
https://www.correrjuntos.com/blog/zapatillas/mejores-zapatillas-empezar-correr-2026/,1,,https://www.correrjuntos.com/blog/zapatillas/mejores-zapatillas-empezar-correr-2026,Las 10 mejores zapatillas para empezar a correr en 2026 | CorrerJuntos,70,"Descubre las 10 mejores zapatillas para empezar a correr en 2026. Comparativa para runners principiantes con amortiguación, estabilidad, drop y recomendaciones claras de compra.",177,https://www.correrjuntos.com/blog/zapatillas/mejores-zapatillas-empezar-correr-2026,"index, follow",1,Las 10 mejores zapatillas para empezar a correr en 2026,6,14,1433,32,4,0,2,Answer|BlogPosting|BreadcrumbList|FAQPage|ImageObject|ListItem|Organization|Person|Question,mejores-zapatillas-empezar-correr-2026,1,0
