slug;title;category;words;amzn_count;priority;suggested_products
correr-en-ayunas;"Correr en Ayunas 2026: Beneficios, Riesgos y C&oacute;mo Hacerlo Bien";desconocida;5266;0;CRITICAL;"electrolitos, barritas energéticas, BCAA"
ayuno-intermitente-running;"Ayuno Intermitente y Running: Gu&iacute;a Completa 2026";desconocida;4469;0;CRITICAL;"(genéricos: reloj GPS, zapatillas, calcetines, gel energético)"
dieta-runner-que-comer;"Dieta Runner: Qu&eacute; Comer para Correr Mejor 2026";desconocida;4460;0;CRITICAL;"(genéricos: reloj GPS, zapatillas, calcetines, gel energético)"
maraton-barcelona-guia;"Marat&oacute;n Barcelona 2026: Inscripci&oacute;n y Recorrido";desconocida;4133;0;CRITICAL;"reloj GPS, zapatillas competición, gel energético"
maraton-valencia-guia;"Marat&oacute;n Valencia 2026: Inscripci&oacute;n y Recorrido";desconocida;4104;0;CRITICAL;"reloj GPS, zapatillas competición, gel energético"
maraton-madrid-guia;"Marat&oacute;n Madrid 2026: Inscripci&oacute;n y Recorrido";desconocida;4040;0;CRITICAL;"reloj GPS, zapatillas competición, gel energético"
san-silvestre-vallecana-guia;"San Silvestre Vallecana 2026: Inscripci&oacute;n y Recorrido";desconocida;3956;0;CRITICAL;"chaleco hidratación, soft flasks"
grupos-running-malaga;"Grupos de Running en M&aacute;laga 2026: Clubes y Quedadas";desconocida;3864;0;CRITICAL;"(genéricos: reloj GPS, zapatillas, calcetines, gel energético)"
maraton-sevilla-guia;"Marat&oacute;n Sevilla 2026: Inscripci&oacute;n y Recorrido";desconocida;3802;0;CRITICAL;"reloj GPS, zapatillas competición, gel energético"
como-pasar-de-running-a-triatlon;"Cómo Pasar de Running a Triatlón: Guía de Transición para Runners 2026";desconocida;3754;0;CRITICAL;"(genéricos: reloj GPS, zapatillas, calcetines, gel energético)"
grupos-correr-sevilla;"Grupos para Correr en Sevilla: Gu&iacute;a Completa 2026";desconocida;3748;0;CRITICAL;"(genéricos: reloj GPS, zapatillas, calcetines, gel energético)"
grupos-running-zaragoza;"Grupos de Running en Zaragoza 2026: Clubes, Quedadas y Rutas";desconocida;3717;0;CRITICAL;"(genéricos: reloj GPS, zapatillas, calcetines, gel energético)"
grupos-running-bilbao;"Grupos de Running en Bilbao 2026: Clubes, Quedadas y Rutas";desconocida;3621;0;CRITICAL;"(genéricos: reloj GPS, zapatillas, calcetines, gel energético)"
cadencia-running-ideal;"Cadencia en Running: Cuál es la Ideal y Cómo Mejorarla 2026";desconocida;3587;0;CRITICAL;"(genéricos: reloj GPS, zapatillas, calcetines, gel energético)"
running-y-suelo-pelvico;"Running y Suelo Pélvico: Guía Completa para Corredoras 2026";desconocida;3564;0;CRITICAL;"bandas elásticas, pelota pilates, cojín kegel"
correr-con-diabetes;"Correr con Diabetes: Guía Completa para Runners con Tipo 1 y Tipo 2 (2026)";desconocida;3527;0;CRITICAL;"electrolitos, barritas bajas carbo, glucómetro"
grupos-running-madrid;"Grupos de Running en Madrid: Los 15 Mejores Grupos para Correr en 2026";desconocida;3452;0;CRITICAL;"(genéricos: reloj GPS, zapatillas, calcetines, gel energético)"
quedadas-running-como-organizar;"Quedadas Running: C&oacute;mo Organizar y Encontrar 2026";desconocida;3434;0;CRITICAL;"(genéricos: reloj GPS, zapatillas, calcetines, gel energético)"
ropa-correr-segun-temperatura;"Ropa para Correr Seg&uacute;n Temperatura: Gu&iacute;a 2026";desconocida;3350;0;CRITICAL;"Theragun, Hyperice, pistolas masaje"
duatlon-principiantes-guia;"Duatlón para Principiantes: Guía Completa para Runners 2026";desconocida;3317;0;CRITICAL;"(genéricos: reloj GPS, zapatillas, calcetines, gel energético)"
grupos-running-valencia;"Grupos de Running en Valencia: Los Mejores Grupos para Correr en 2026";desconocida;3300;0;CRITICAL;"(genéricos: reloj GPS, zapatillas, calcetines, gel energético)"
test-cooper-running;"Test de Cooper: Cómo Hacerlo, Tablas de Resultados y Cálculo de VO2max (2026)";desconocida;3228;0;CRITICAL;"(genéricos: reloj GPS, zapatillas, calcetines, gel energético)"
encontrar-runners-malaga;"Runners M&aacute;laga: Grupos y Rutas Running 2026";desconocida;3148;0;CRITICAL;"(genéricos: reloj GPS, zapatillas, calcetines, gel energético)"
correrjuntos-vs-strava-grupos;"CorrerJuntos vs Strava Grupos: Comparativa 2026";desconocida;3056;0;CRITICAL;"(genéricos: reloj GPS, zapatillas, calcetines, gel energético)"
running-social-revolucion-2026;"Running Social 2026: Por Qu&eacute; Correr en Grupo Arrasa";desconocida;3034;0;CRITICAL;"(genéricos: reloj GPS, zapatillas, calcetines, gel energético)"
grupos-running-barcelona;"Grupos de Running en Barcelona: Los Mejores Grupos para Correr en 2026";desconocida;3017;0;CRITICAL;"(genéricos: reloj GPS, zapatillas, calcetines, gel energético)"
correr-embarazada-seguro;"Correr Embarazada: Gu&iacute;a Segura por Trimestre 2026";desconocida;3004;0;CRITICAL;"(genéricos: reloj GPS, zapatillas, calcetines, gel energético)"
grupos-running-madrid-principiantes;"Grupos de Running en Madrid para Principiantes: Gu&iacute;a 2026";desconocida;2994;0;CRITICAL;"(genéricos: reloj GPS, zapatillas, calcetines, gel energético)"
mejores-superficies-para-correr;"Mejores Superficies para Correr 2026: Comparativa";desconocida;2990;0;CRITICAL;"(genéricos: reloj GPS, zapatillas, calcetines, gel energético)"
correr-con-70-anos;"Correr con 70 Años: Guía Completa para Runners Senior 2026";desconocida;2978;0;CRITICAL;"(genéricos: reloj GPS, zapatillas, calcetines, gel energético)"
correr-es-social-tendencia;"Running Social: La Tendencia Fitness de 2026";desconocida;2954;0;CRITICAL;"(genéricos: reloj GPS, zapatillas, calcetines, gel energético)"
conocer-gente-haciendo-deporte;"Conocer Gente Haciendo Deporte: 10 Ideas 2026";desconocida;2948;0;CRITICAL;"(genéricos: reloj GPS, zapatillas, calcetines, gel energético)"
correr-acompanado-cadiz;"Correr Acompa&ntilde;ado en C&aacute;diz: Grupos y Rutas 2026";desconocida;2915;0;CRITICAL;"(genéricos: reloj GPS, zapatillas, calcetines, gel energético)"
mejores-rutas-correr-madrid;"10 Mejores Rutas para Correr en Madrid 2026";desconocida;2875;0;CRITICAL;"(genéricos: reloj GPS, zapatillas, calcetines, gel energético)"
correrjuntos-vs-meetup-running;"CorrerJuntos vs Meetup Running: Comparativa 2026";desconocida;2859;0;CRITICAL;"(genéricos: reloj GPS, zapatillas, calcetines, gel energético)"
no-tengo-con-quien-correr;"No Tengo con Qui&eacute;n Correr: 5 Soluciones 2026";desconocida;2825;0;CRITICAL;"(genéricos: reloj GPS, zapatillas, calcetines, gel energético)"
apps-correr-en-grupo;"Mejores Apps para Correr en Grupo en Espa&ntilde;a 2026";desconocida;2822;0;CRITICAL;"(genéricos: reloj GPS, zapatillas, calcetines, gel energético)"
correr-con-sobrepeso;"Correr con Sobrepeso: Gu&iacute;a Segura 2026";desconocida;2820;0;CRITICAL;"(genéricos: reloj GPS, zapatillas, calcetines, gel energético)"
mejores-rutas-correr-sevilla;"10 Mejores Rutas para Correr en Sevilla 2026";desconocida;2802;0;CRITICAL;"(genéricos: reloj GPS, zapatillas, calcetines, gel energético)"
errores-principiante-running;"7 Errores Principiante Running que Nadie Cuenta 2026";desconocida;2782;0;CRITICAL;"(genéricos: reloj GPS, zapatillas, calcetines, gel energético)"
mejor-hora-para-correr;"Mejor Hora para Correr 2026: Ma&ntilde;ana vs Noche";desconocida;2781;0;CRITICAL;"(genéricos: reloj GPS, zapatillas, calcetines, gel energético)"
mejores-rutas-correr-barcelona;"10 Mejores Rutas para Correr en Barcelona 2026";desconocida;2765;0;CRITICAL;"(genéricos: reloj GPS, zapatillas, calcetines, gel energético)"
motivacion-para-correr;"Motivaci&oacute;n para Correr 2026: 10 Trucos Efectivos";desconocida;2748;0;CRITICAL;"(genéricos: reloj GPS, zapatillas, calcetines, gel energético)"
mejores-rutas-correr-malaga;"10 Mejores Rutas para Correr en M&aacute;laga 2026";desconocida;2734;0;CRITICAL;"(genéricos: reloj GPS, zapatillas, calcetines, gel energético)"
calambres-al-correr;"Calambres al Correr: Causas y 7 Soluciones R&aacute;pidas";desconocida;2722;0;CRITICAL;"electrolitos, magnesio, plátano en polvo"
correr-para-adelgazar;"Correr para Adelgazar: Plan 12 Semanas 2026";desconocida;2721;0;CRITICAL;"(genéricos: reloj GPS, zapatillas, calcetines, gel energético)"
mejores-rutas-correr-valencia;"10 Mejores Rutas para Correr en Valencia 2026";desconocida;2693;0;CRITICAL;"(genéricos: reloj GPS, zapatillas, calcetines, gel energético)"
empezar-a-correr-despues-de-los-50;"Empezar a Correr a los 50: Gu&iacute;a Completa 2026";desconocida;2688;0;CRITICAL;"(genéricos: reloj GPS, zapatillas, calcetines, gel energético)"
grupos-de-running-guia-completa;"Grupos de Running: Gu&iacute;a Completa para Encontrar tu Grupo Ideal en 2026";desconocida;2659;0;CRITICAL;"(genéricos: reloj GPS, zapatillas, calcetines, gel energético)"
plan-entrenamiento-5k-sub-25;"Plan de Entrenamiento 5K Sub-25 Minutos: 8 Semanas para Bajar de 25:00 (2026)";desconocida;2602;0;CRITICAL;"reloj GPS, zapatillas competición, gel energético"
andar-vs-correr;"Andar vs Correr: &iquest;Qu&eacute; Quema M&aacute;s Grasa en 2026?";desconocida;2579;0;CRITICAL;"(genéricos: reloj GPS, zapatillas, calcetines, gel energético)"
primera-media-maraton-consejos;"Tu Primera Media Maratón: 20 Consejos de Quien Ya Ha Corrido Más de 10";desconocida;2579;0;CRITICAL;"reloj GPS, zapatillas competición, gel energético"
primera-quedada-running;"Primera Quedada Running: Qu&eacute; Llevar y C&oacute;mo Prepararte";desconocida;2579;0;CRITICAL;"(genéricos: reloj GPS, zapatillas, calcetines, gel energético)"
quedadas-correr-barcelona;"Quedadas Correr Barcelona: Grupos y Rutas 2026";desconocida;2564;0;CRITICAL;"(genéricos: reloj GPS, zapatillas, calcetines, gel energético)"
unirse-grupo-running;"Unirse a Grupo Running: Gu&iacute;a Paso a Paso 2026";desconocida;2539;0;CRITICAL;"(genéricos: reloj GPS, zapatillas, calcetines, gel energético)"
seguridad-correr-con-desconocidos;"Seguridad al Correr con Desconocidos: 10 Consejos";desconocida;2533;0;CRITICAL;"(genéricos: reloj GPS, zapatillas, calcetines, gel energético)"
encontrar-gente-para-correr;"Encontrar Gente para Correr Cerca: 6 M&eacute;todos 2026";desconocida;2504;0;CRITICAL;"(genéricos: reloj GPS, zapatillas, calcetines, gel energético)"
correr-solo-vs-acompanado;"Correr Solo vs Acompa&ntilde;ado: Pros y Contras 2026";desconocida;2483;0;CRITICAL;"(genéricos: reloj GPS, zapatillas, calcetines, gel energético)"
por-que-dejan-correr-3-meses;"Por Qu&eacute; Dejan de Correr a los 3 Meses (y C&oacute;mo Evitarlo)";desconocida;2479;0;CRITICAL;"(genéricos: reloj GPS, zapatillas, calcetines, gel energético)"
encontrar-companeros-running-cerca;"Encontrar Compa&ntilde;eros Running Cerca de Ti 2026";desconocida;2465;0;CRITICAL;"(genéricos: reloj GPS, zapatillas, calcetines, gel energético)"
recuperar-ganas-de-correr;"Recuperar Ganas de Correr: 7 Claves que Funcionan";desconocida;2451;0;CRITICAL;"foam roller, pistola masaje, compresión"
mejores-alimentos-para-runners;"20 Mejores Alimentos para Runners 2026";desconocida;2414;0;CRITICAL;"(genéricos: reloj GPS, zapatillas, calcetines, gel energético)"
de-cero-a-5k;"De Cero a 5K: Plan 8 Semanas Principiantes 2026";desconocida;2394;0;CRITICAL;"reloj GPS, zapatillas competición, gel energético"
zona-2-running-quemar-grasa;"Zona 2 Running: Quemar Grasa Corriendo Lento 2026";desconocida;2371;0;CRITICAL;"(genéricos: reloj GPS, zapatillas, calcetines, gel energético)"
como-mantener-motivacion-para-correr;"Motivaci&oacute;n para Correr: 15 Estrategias 2026";desconocida;2359;0;CRITICAL;"(genéricos: reloj GPS, zapatillas, calcetines, gel energético)"
plan-running-perder-peso;"Correr para Adelgazar: Plan 12 Semanas 2026";desconocida;2338;0;CRITICAL;"reloj GPS, zapatillas competición, gel energético"
empezar-a-correr-con-verguenza;"Empezar a Correr con Verg&uuml;enza: Plan 2026";desconocida;2322;0;CRITICAL;"(genéricos: reloj GPS, zapatillas, calcetines, gel energético)"
vo2-max-running-como-mejorar;"VO2 Max Running: Qu&eacute; Es y C&oacute;mo Mejorar 2026";Entrenamiento;2288;0;CRITICAL;"(genéricos: reloj GPS, zapatillas, calcetines, gel energético)"
como-calentar-antes-de-correr;"Calentar Antes de Correr: Rutina Completa 2026";desconocida;2286;0;CRITICAL;"(genéricos: reloj GPS, zapatillas, calcetines, gel energético)"
beneficios-de-correr;"20 Beneficios de Correr Probados por la Ciencia 2026";desconocida;2280;0;CRITICAL;"(genéricos: reloj GPS, zapatillas, calcetines, gel energético)"
como-organizar-quedadas-running;"Organizar Quedadas Running: Gu&iacute;a Paso a Paso 2026";desconocida;2243;0;CRITICAL;"(genéricos: reloj GPS, zapatillas, calcetines, gel energético)"
como-aumentar-resistencia-corriendo;"Aumentar Resistencia Corriendo: 7 Claves 2026";desconocida;2234;0;CRITICAL;"(genéricos: reloj GPS, zapatillas, calcetines, gel energético)"
ansiedad-pre-carrera;"Ansiedad Pre-Carrera: 8 T&eacute;cnicas que Funcionan";desconocida;2229;0;CRITICAL;"(genéricos: reloj GPS, zapatillas, calcetines, gel energético)"
media-maraton-barcelona-2026;"Mitja Marató de Barcelona 2026: Guía Completa + Inscripción";desconocida;2193;0;CRITICAL;"reloj GPS, zapatillas competición, gel energético"
empezar-a-correr-despues-de-los-60;"Empezar a Correr con 60 A&ntilde;os: Gu&iacute;a 2026";desconocida;2182;0;CRITICAL;"(genéricos: reloj GPS, zapatillas, calcetines, gel energético)"
carreras-nocturnas-espana;"Carreras Nocturnas en España 2026: Calendario, Consejos y Mejores Eventos";desconocida;2167;0;CRITICAL;"(genéricos: reloj GPS, zapatillas, calcetines, gel energético)"
como-respirar-al-correr;"Respirar al Correr: T&eacute;cnica Correcta 2026";desconocida;2149;0;CRITICAL;"(genéricos: reloj GPS, zapatillas, calcetines, gel energético)"
como-correr-mas-rapido;"Correr M&aacute;s R&aacute;pido: 12 Claves para tu Ritmo 2026";desconocida;2145;0;CRITICAL;"(genéricos: reloj GPS, zapatillas, calcetines, gel energético)"
correr-mejora-salud-mental;"Correr y Salud Mental 2026: Beneficios Cient&iacute;ficos";desconocida;2143;0;CRITICAL;"(genéricos: reloj GPS, zapatillas, calcetines, gel energético)"
media-maraton-valencia-2026;"Media Maratón Valencia 2026 (Trinitat Nogera): La Más Rápida de España";desconocida;2133;0;CRITICAL;"reloj GPS, zapatillas competición, gel energético"
cuantas-veces-semana-correr;"Cu&aacute;ntas Veces Correr a la Semana seg&uacute;n Nivel 2026";desconocida;2110;0;CRITICAL;"(genéricos: reloj GPS, zapatillas, calcetines, gel energético)"
soledad-del-runner;"Soledad del Runner: C&oacute;mo Superarla Corriendo en Grupo";desconocida;2106;0;CRITICAL;"(genéricos: reloj GPS, zapatillas, calcetines, gel energético)"
como-crear-habito-de-correr;"Crear el H&aacute;bito de Correr: De 0 a Runner 2026";desconocida;2103;0;CRITICAL;"(genéricos: reloj GPS, zapatillas, calcetines, gel energético)"
empezar-a-correr-despues-de-los-40;"Empezar a Correr a los 40: Gu&iacute;a Segura 2026";desconocida;2094;0;CRITICAL;"(genéricos: reloj GPS, zapatillas, calcetines, gel energético)"
ultra-trail-principiantes;"Ultra Trail Principiantes: Gu&iacute;a Primera Ultra 2026";desconocida;2047;0;CRITICAL;"zapatillas trail Salomon, chaleco hidratación, bastones"
correr-acompanado-engancha-mas;"Correr Acompa&ntilde;ado Engancha M&aacute;s: La Ciencia 2026";desconocida;2038;0;CRITICAL;"(genéricos: reloj GPS, zapatillas, calcetines, gel energético)"
correr-antes-o-despues-de-comer;"Correr Antes o Despu&eacute;s de Comer: Gu&iacute;a 2026";desconocida;2008;0;CRITICAL;"(genéricos: reloj GPS, zapatillas, calcetines, gel energético)"
correr-durante-menopausia;"Correr y Menopausia: Gu&iacute;a Completa 2026";desconocida;1999;0;CRITICAL;"suplementos magnesio, sujetador sport, zapatillas cushion"
desayunos-antes-de-correr;"8 Desayunos Antes de Correr: Gu&iacute;a 2026";desconocida;1988;0;CRITICAL;"(genéricos: reloj GPS, zapatillas, calcetines, gel energético)"
media-maraton-sevilla-2026;"Media Maratón de Sevilla 2026: Guía Completa + Inscripción";desconocida;1977;0;CRITICAL;"reloj GPS, zapatillas competición, gel energético"
estrategia-carrera-media-maraton;"Estrategia de Carrera en Media Marat&oacute;n: Ritmo, Pacing y C&oacute;mo Llegar al Final";desconocida;1922;0;CRITICAL;"reloj GPS, zapatillas competición, gel energético"
cuantas-calorias-se-queman-corriendo;"Calor&iacute;as Corriendo: Calculadora y Tablas 2026";desconocida;1918;0;CRITICAL;"camiseta técnica, gorra, gafas UV"
alimentos-sin-gluten-para-corredores;"Alimentos Sin Gluten para Corredores: Gu&iacute;a 2026";desconocida;1901;0;CRITICAL;"(genéricos: reloj GPS, zapatillas, calcetines, gel energético)"
que-comer-despues-de-correr;"Qu&eacute; Comer Despu&eacute;s de Correr: Recupera en 30 Min";desconocida;1881;0;CRITICAL;"(genéricos: reloj GPS, zapatillas, calcetines, gel energético)"
que-comer-antes-de-correr;"Qu&eacute; Comer Antes de Correr: Gu&iacute;a por Distancia 2026";desconocida;1877;0;CRITICAL;"(genéricos: reloj GPS, zapatillas, calcetines, gel energético)"
como-evitar-problemas-digestivos-correr;"Problemas Digestivos al Correr: C&oacute;mo Evitarlos 2026";desconocida;1835;0;CRITICAL;"(genéricos: reloj GPS, zapatillas, calcetines, gel energético)"
beneficios-correr-en-grupo;"12 Beneficios de Correr en Grupo Respaldados 2026";desconocida;1830;0;CRITICAL;"(genéricos: reloj GPS, zapatillas, calcetines, gel energético)"
ritmo-para-principiantes-running;"Ritmo para Principiantes Running: Gu&iacute;a de Pace 2026";desconocida;1777;0;CRITICAL;"(genéricos: reloj GPS, zapatillas, calcetines, gel energético)"
calentamiento-media-maraton;"Calentamiento para Media Marat&oacute;n: Rutina de 20 Minutos el D&iacute;a de la Carrera";desconocida;1761;0;CRITICAL;"bandas elásticas, foam roller, pelota pilates"
flato-dolor-costado-al-correr;"Flato al Correr: Causas y C&oacute;mo Eliminarlo 2026";desconocida;1753;0;CRITICAL;"pistola masaje, banda kinesiology, magnesio"
ejercicios-gimnasio-para-running;"12 Ejercicios Gimnasio para Runners: Gu&iacute;a 2026";desconocida;1672;0;CRITICAL;"(genéricos: reloj GPS, zapatillas, calcetines, gel energético)"
entrenamiento-trail-running-plan;"Plan Trail Running 12 Semanas: Asfalto a Monta&ntilde;a 2026";desconocida;1656;0;CRITICAL;"zapatillas trail Salomon, chaleco hidratación, bastones"
correr-en-verano-calor;"Correr en Verano con Calor: Gu&iacute;a Segura 2026";desconocida;1628;0;CRITICAL;"camiseta técnica, gorra, gafas UV"
cuanto-tardo-en-correr-5km;"Tiempo Medio 5K por Edad y Nivel 2026";desconocida;1611;0;CRITICAL;"reloj GPS, zapatillas competición, gel energético"
nutricion-trail-running;"Nutrici&oacute;n Trail Running 2026: Gu&iacute;a Completa";desconocida;1577;0;CRITICAL;"gel energético, isotónico polvo, barritas"
correr-y-gimnasio-mismo-dia;"Correr y Gimnasio el Mismo D&iacute;a: Gu&iacute;a 2026";desconocida;1552;0;CRITICAL;"(genéricos: reloj GPS, zapatillas, calcetines, gel energético)"
puedo-correr-todos-los-dias;"Correr Todos los D&iacute;as: Beneficios y Riesgos 2026";desconocida;1538;0;CRITICAL;"(genéricos: reloj GPS, zapatillas, calcetines, gel energético)"
diferencia-zapatillas-running-normales;"Zapatillas Running vs Normales: 5 Diferencias 2026";desconocida;1514;0;CRITICAL;"(genéricos: reloj GPS, zapatillas, calcetines, gel energético)"
entrenamiento-de-fuerza-para-corredores;"Fuerza para Corredores: Ejercicios y Plan 2026";desconocida;1484;0;CRITICAL;"bandas, kettlebells, mancuernas ajustables"
cuanto-duran-zapatillas-running;"Duraci&oacute;n Zapatillas Running: Km y Se&ntilde;ales 2026";desconocida;1451;0;CRITICAL;"(genéricos: reloj GPS, zapatillas, calcetines, gel energético)"
seguridad-trail-running;"Seguridad Trail Running: 10 Reglas en Monta&ntilde;a 2026";desconocida;1451;0;CRITICAL;"zapatillas trail Salomon, chaleco hidratación, bastones"
cross-training-running;"Cross-Training Running: 8 Deportes Complementarios 2026";desconocida;1440;0;CRITICAL;"(genéricos: reloj GPS, zapatillas, calcetines, gel energético)"
recetas-runners-rapidas;"Recetas R&aacute;pidas para Runners: 10 Comidas en 15 Min";desconocida;1440;0;CRITICAL;"(genéricos: reloj GPS, zapatillas, calcetines, gel energético)"
hyrox-principiantes-guia;"HYROX Principiantes 2026: Gu&iacute;a para Tu Primera Carrera";desconocida;1424;0;CRITICAL;"sandbag, kettlebell, wall ball"
correr-en-montana-tecnica;"Trail Running: T&eacute;cnica de Subida y Bajada 2026";desconocida;1369;0;CRITICAL;"zapatillas trail Salomon, chaleco hidratación, bastones"
dieta-vegetariana-runner;"Dieta Vegetariana Runner: Gu&iacute;a Completa 2026";desconocida;1367;0;CRITICAL;"(genéricos: reloj GPS, zapatillas, calcetines, gel energético)"
ritmo-media-maraton-calculadora;"Calculadora de Ritmo Media Marat&oacute;n: Tiempo Objetivo a Paso por Kil&oacute;metro";desconocida;1313;0;CRITICAL;"reloj GPS, zapatillas competición, gel energético"
deka-fit-vs-deka-strong;"DEKA FIT vs DEKA STRONG: Comparativa 2026";desconocida;1275;0;CRITICAL;"sandbag, kettlebell, wall ball"
como-preparar-primera-carrera-5k;"Primera Carrera 5K: Plan de 6 Semanas 2026";desconocida;1245;0;CRITICAL;"reloj GPS, zapatillas competición, gel energético"
estiramientos-antes-despues-correr;"Estiramientos Antes y Despu&eacute;s de Correr 2026";desconocida;1222;0;CRITICAL;"foam roller, esterilla yoga, bandas"
hyrox-vs-deka-fit;"HYROX vs DEKA FIT 2026: Diferencias y Cu&aacute;l Elegir";desconocida;1217;0;CRITICAL;"sandbag, kettlebell, wall ball"
nutricion-para-runners;"Nutrici&oacute;n para Runners 2026: Gu&iacute;a Completa";desconocida;1069;0;CRITICAL;"gel energético, isotónico polvo, barritas"
carreras-trail-principiantes;"Carreras Trail para Principiantes: Gu&iacute;a 2026";desconocida;7182;0;HIGH;"zapatillas trail Salomon, chaleco hidratación, bastones"
strava-vs-garmin-connect;"Strava vs Garmin Connect 2026: Cu&aacute;l Elegir";desconocida;5497;0;HIGH;"Garmin, COROS, Polar, reloj GPS"
empezar-trail-running;"Empezar Trail Running: Gu&iacute;a Principiantes 2026";desconocida;5414;2;HIGH;"zapatillas trail Salomon, chaleco hidratación, bastones"
entrenamiento-por-zonas-running;"Zonas Entrenamiento Running: FC y Potencia 2026";desconocida;5191;0;HIGH;"(genéricos: reloj GPS, zapatillas, calcetines, gel energético)"
diferencias-trail-vs-asfalto;"Trail Running vs Asfalto: Comparativa 2026";desconocida;4826;0;HIGH;"zapatillas trail Salomon, chaleco hidratación, bastones"
tendinitis-aquiles-running;"Tendinitis Aquiles Running: Tratamiento y Ejercicios 2026";desconocida;4521;1;HIGH;"(genéricos: reloj GPS, zapatillas, calcetines, gel energético)"
rodilla-del-corredor;"Rodilla del Corredor: Causas, Ejercicios y Cura 2026";desconocida;4393;1;HIGH;"rodillera running, pistola masaje, foam roller"
volver-a-correr-despues-de-lesion;"Volver a Correr Tras Lesi&oacute;n: Plan Progresivo 2026";desconocida;3584;1;HIGH;"banda kinesiology, rodillera, pistola masaje"
creatina-para-runners;"Creatina para Runners: 7 Beneficios en 2026";desconocida;3245;0;HIGH;"suplementos marca ISO"
fascitis-plantar-corredores;"Fascitis Plantar Corredores: Tratamiento 2026";desconocida;3003;2;HIGH;"(genéricos: reloj GPS, zapatillas, calcetines, gel energético)"
correr-con-musica-beneficios;"Correr con M&uacute;sica: Beneficios y BPM Ideal 2026";desconocida;2765;2;HIGH;"(genéricos: reloj GPS, zapatillas, calcetines, gel energético)"
media-maraton-madrid-2026;"EDP Media Maratón de Madrid 2026: Guía Completa + Inscripción";desconocida;2218;0;HIGH;"reloj GPS, zapatillas competición, gel energético"
que-comer-antes-media-maraton;"Qu&eacute; Comer Antes de una Media Marat&oacute;n: La Noche Antes y el D&iacute;a de la Carrera";desconocida;2185;0;HIGH;"reloj GPS, zapatillas competición, gel energético"
hidratacion-media-maraton;"Hidrataci&oacute;n en Media Marat&oacute;n: Cu&aacute;nto Beber y Cu&aacute;ndo para No Perder Tiemp";desconocida;2139;0;HIGH;"gel energético, isotónico polvo, barritas"
periodizacion-entrenamiento-running;"Periodizaci&oacute;n Entrenamiento Running 2026";desconocida;2068;0;HIGH;"(genéricos: reloj GPS, zapatillas, calcetines, gel energético)"
plan-entrenamiento-media-maraton;"Plan Entrenamiento Media Marat&oacute;n 12 Semanas 2026";desconocida;1717;2;HIGH;"reloj GPS, zapatillas competición, gel energético"
new-balance-1080-vs-hoka-clifton;"New Balance 1080 vs Hoka Clifton: Comparativa 2026";desconocida;1670;2;HIGH;"(genéricos: reloj GPS, zapatillas, calcetines, gel energético)"
ritmo-10k-calculadora;"Calculadora de Ritmo 10K &mdash; Tiempo Objetivo a Paso por Kil&oacute;metro";desconocida;1572;0;HIGH;"reloj GPS, zapatillas competición, gel energético"
correr-en-cinta-vs-calle;"Cinta vs Calle: Diferencias para Corredores 2026";desconocida;1535;2;HIGH;"(genéricos: reloj GPS, zapatillas, calcetines, gel energético)"
hierro-para-corredores;"Hierro para Corredores 2026: Evita la Anemia del Runner";desconocida;1512;0;HIGH;"(genéricos: reloj GPS, zapatillas, calcetines, gel energético)"
bastones-trail-running;"10 Mejores Bastones Trail Running 2026: Gu&iacute;a";desconocida;1322;0;HIGH;"zapatillas trail Salomon, chaleco hidratación, bastones"
estiramientos-post-carrera;"Estiramientos Post-Carrera: 10 Ejercicios 2026";desconocida;1262;2;HIGH;"foam roller, esterilla yoga, bandas"
errores-comunes-corredores;"10 Errores Comunes Corredores y C&oacute;mo Evitarlos 2026";desconocida;1058;2;HIGH;"(genéricos: reloj GPS, zapatillas, calcetines, gel energético)"
mallas-running;"10 Mejores Mallas Running 2026: Hombre y Mujer";desconocida;8020;0;OK;"mallas running, pantalón compresión"
variabilidad-cardiaca-running;"HRV Running: Variabilidad Card&iacute;aca para Corredores 2026";desconocida;7578;0;OK;"(genéricos: reloj GPS, zapatillas, calcetines, gel energético)"
foam-rollers-runners;"7 Mejores Foam Rollers Running 2026";desconocida;7266;0;OK;"foam rollers, pelota lacrosse"
potencia-en-running;"Potencia en Running: Vatios, Stryd y Zonas 2026";desconocida;7034;8;OK;"(genéricos: reloj GPS, zapatillas, calcetines, gel energético)"
lamparas-frontales-running;"7 Mejores L&aacute;mparas Frontales Running 2026";desconocida;6988;0;OK;"linterna frontal Petzl, Black Diamond"
gorras-running;"Las 8 Mejores Gorras para Running 2026";desconocida;6789;0;OK;"gorra running, buff"
calcetines-running;"10 Mejores Calcetines Running 2026: Gu&iacute;a Completa";desconocida;6733;0;OK;"calcetines compresión Stance, Enforma"
material-trail-running;"Material Trail Running 2026: Gu&iacute;a de Equipamiento";desconocida;6667;0;OK;"zapatillas trail Salomon, chaleco hidratación, bastones"
cinturones-running;"10 Mejores Cinturones Running 2026: Comparativa";desconocida;6652;0;OK;"(genéricos: reloj GPS, zapatillas, calcetines, gel energético)"
auriculares-running-natacion;"7 Mejores Auriculares Running y Nataci&oacute;n 2026";desconocida;6524;19;OK;"auriculares running, Shokz, Jabra"
smartwatch-vs-reloj-gps-running;"Smartwatch vs Reloj GPS Running: Cu&aacute;l Elegir 2026";desconocida;6271;0;OK;"Garmin, COROS, Polar, reloj GPS"
mejores-auriculares-baratos-running;"8 Mejores Auriculares Baratos Running 2026 (&lt;60&euro;)";desconocida;6093;0;OK;"auriculares running, Shokz, Jabra"
mejores-cintas-correr-casa;"Las 10 Mejores Cintas de Correr para Casa 2026";desconocida;6093;20;OK;"(genéricos: reloj GPS, zapatillas, calcetines, gel energético)"
alimentos-antiinflamatorios-runners;"15 Alimentos Antiinflamatorios para Runners 2026";desconocida;6061;3;OK;"(genéricos: reloj GPS, zapatillas, calcetines, gel energético)"
apple-watch-running-review;"Apple Watch Running 2026: An&aacute;lisis para Corredores";desconocida;5888;0;OK;"Garmin, COROS, Polar, reloj GPS"
chalecos-hidratacion-running;"10 Mejores Chalecos Hidrataci&oacute;n Running 2026";desconocida;5852;14;OK;"gel energético, isotónico polvo, barritas"
mejores-relojes-gps-baratos-running;"10 Mejores Relojes GPS Baratos Running 2026";desconocida;5783;20;OK;"Garmin, COROS, Polar, reloj GPS"
coros-pace-3-review;"COROS PACE 3 Review 2026: Mejor GPS Calidad-Precio";desconocida;5743;0;OK;"Garmin, COROS, Polar, reloj GPS"
chubasqueros-running;"10 Mejores Chubasqueros Running 2026: Ligeros";desconocida;5624;0;OK;"(genéricos: reloj GPS, zapatillas, calcetines, gel energético)"
mejores-zapatillas-running-principiantes;"10 Mejores Zapatillas Running Principiantes 2026";desconocida;5450;15;OK;"(genéricos: reloj GPS, zapatillas, calcetines, gel energético)"
jbl-reflect-flow-pro-review;"JBL Reflect Flow Pro: Review Running 2026";desconocida;5434;0;OK;"(genéricos: reloj GPS, zapatillas, calcetines, gel energético)"
cafeina-running-rendimiento;"Cafe&iacute;na y Running: C&oacute;mo Mejora tu Rendimiento";desconocida;5384;4;OK;"(genéricos: reloj GPS, zapatillas, calcetines, gel energético)"
shokz-openrun-pro-2-review;"Shokz OpenRun Pro 2 Review: An&aacute;lisis Running 2026";desconocida;5335;0;OK;"(genéricos: reloj GPS, zapatillas, calcetines, gel energético)"
hidratacion-running-guia-completa;"Hidrataci&oacute;n Running 2026: Cu&aacute;nto Beber por Km";desconocida;5316;10;OK;"gel energético, isotónico polvo, barritas"
proteinas-para-runners;"Prote&iacute;nas para Runners: Cu&aacute;nta Necesitas en 2026";desconocida;5299;3;OK;"suplementos marca ISO"
garmin-forerunner-55-review;"Garmin Forerunner 55 Review: An&aacute;lisis 2026";desconocida;5069;0;OK;"Garmin, COROS, Polar, reloj GPS"
carga-hidratos-maraton;"Carga de Hidratos para Marat&oacute;n: Gu&iacute;a 2026";desconocida;4913;4;OK;"gel energético, isotónico polvo, barritas"
garmin-venu-3-review;"Garmin Venu 3 Review Running: An&aacute;lisis 2026";desconocida;4856;0;OK;"Garmin, COROS, Polar, reloj GPS"
que-zapatillas-running-comprar-segun-nivel;"Zapatillas Running Seg&uacute;n tu Nivel: Gu&iacute;a 2026";desconocida;4845;9;OK;"Theragun, Hyperice, pistolas masaje"
mejores-zapatillas-running-baratas;"Zapatillas Running Baratas 2026: 8 Mejores (&lt;100&euro;)";desconocida;4839;7;OK;"(genéricos: reloj GPS, zapatillas, calcetines, gel energético)"
mejores-bebidas-deportivas-maraton;"Las 8 Mejores Bebidas Deportivas para Maraton 2026";desconocida;4832;24;OK;"gel energético, isotónico polvo, barritas"
periostitis-tibial-running;"Periostitis Tibial Running: Causas y Tratamiento 2026";desconocida;4790;2;OK;"(genéricos: reloj GPS, zapatillas, calcetines, gel energético)"
auriculares-conduccion-osea-vs-in-ear-running;"Auriculares &Oacute;sea vs In-Ear para Correr: Gu&iacute;a 2026";desconocida;4735;0;OK;"auriculares running, Shokz, Jabra"
mejor-reloj-gps-running-calidad-precio;"Mejor Reloj GPS Running Calidad-Precio 2026";desconocida;4695;0;OK;"Garmin, COROS, Polar, reloj GPS"
prevenir-lesiones-running;"Prevenir Lesiones Running: 10 Claves Esenciales 2026";desconocida;4682;0;OK;"banda kinesiology, rodillera, pistola masaje"
polar-pacer-pro-review;"Polar Pacer Pro Review 2026: An&aacute;lisis Completo";desconocida;4650;0;OK;"(genéricos: reloj GPS, zapatillas, calcetines, gel energético)"
mejores-zapatillas-running-sobrepeso;"Zapatillas Running Sobrepeso 2026: 7 Mejores (+80kg)";desconocida;4641;7;OK;"(genéricos: reloj GPS, zapatillas, calcetines, gel energético)"
zapatillas-running-pronadores;"Zapatillas Running Pronadores: Las Mejores 2026";desconocida;4460;7;OK;"(genéricos: reloj GPS, zapatillas, calcetines, gel energético)"
asics-novablast-5-opinion;"ASICS Novablast 5 Opini&oacute;n 2026: An&aacute;lisis Completo tras 400 km";desconocida;4385;24;OK;"(genéricos: reloj GPS, zapatillas, calcetines, gel energético)"
pack-basico-running-principiantes;"Pack B&aacute;sico Running Principiantes 2026";desconocida;4358;3;OK;"(genéricos: reloj GPS, zapatillas, calcetines, gel energético)"
mejores-zapatillas-running-mujer;"10 Mejores Zapatillas Running Mujer 2026";desconocida;4308;0;OK;"(genéricos: reloj GPS, zapatillas, calcetines, gel energético)"
correr-con-perro-canicross;"Canicross: Correr con Perro, Gu&iacute;a Completa 2026";desconocida;4149;18;OK;"(genéricos: reloj GPS, zapatillas, calcetines, gel energético)"
que-gel-energetico-usar-maraton;"Geles Energ&eacute;ticos Marat&oacute;n: Cu&aacute;l Elegir 2026";desconocida;4112;10;OK;"reloj GPS, zapatillas competición, gel energético"
mejores-proteinas-running;"10 Mejores Prote&iacute;nas para Running 2026";desconocida;3832;0;OK;"suplementos marca ISO"
mejores-relojes-gps-running;"8 Mejores Relojes GPS Running 2026 — Comparativa Completa";desconocida;3747;0;OK;"Garmin, COROS, Polar, reloj GPS"
sujetador-deportivo-running;"Los 10 Mejores Sujetadores Deportivos para Running 2026 (Guía Completa)";desconocida;3601;30;OK;"Shock Absorber, Triumph, Under Armour"
mejores-omega-3-runners;"10 Mejores Omega 3 para Runners 2026";desconocida;3436;0;OK;"(genéricos: reloj GPS, zapatillas, calcetines, gel energético)"
mejores-pulsometros-running-2026;"10 Mejores Pulsómetros Running 2026 — Cintas y Brazaletes";desconocida;3424;40;OK;"(genéricos: reloj GPS, zapatillas, calcetines, gel energético)"
sobreentrenamiento-running-sintomas;"Sobreentrenamiento Running: 12 S&iacute;ntomas + Plan de Recuperaci&oacute;n 2026";desconocida;3361;0;OK;"(genéricos: reloj GPS, zapatillas, calcetines, gel energético)"
mejores-creatinas-running;"10 Mejores Creatinas para Running 2026";desconocida;3355;0;OK;"suplementos marca ISO"
mejores-colagenos-runners;"8 Mejores Col&aacute;genos para Runners 2026";desconocida;3351;16;OK;"(genéricos: reloj GPS, zapatillas, calcetines, gel energético)"
mejores-bandas-elasticas-running;"12 Mejores Bandas El&aacute;sticas para Runners 2026";desconocida;3285;27;OK;"(genéricos: reloj GPS, zapatillas, calcetines, gel energético)"
mejores-bcaas-runners;"8 Mejores BCAAs para Runners 2026";desconocida;3247;16;OK;"suplementos marca ISO"
mejores-suplementos-runners;"Mejores Suplementos para Runners 2026: Creatina, Geles, Magnesio";desconocida;3170;25;OK;"suplementos marca ISO"
plan-media-maraton-sub-1-45;"Plan Media Maratón Sub 1:45 — 12 Semanas para Bajar de 1 Hora 45";desconocida;3161;0;OK;"reloj GPS, zapatillas competición, gel energético"
mejores-magnesios-runners;"8 Mejores Magnesios para Runners 2026";desconocida;3158;16;OK;"(genéricos: reloj GPS, zapatillas, calcetines, gel energético)"
como-preparar-primera-media-maraton;"C&oacute;mo Preparar tu Primera Media Marat&oacute;n 2026: Gu&iacute;a Completa";desconocida;3150;0;OK;"reloj GPS, zapatillas competición, gel energético"
mejores-auriculares-running;"Mejores Auriculares Running 2026: Gu&iacute;a Completa";desconocida;3127;0;OK;"auriculares running, Shokz, Jabra"
plan-media-maraton-principiantes;"Plan Media Maratón para Principiantes: Tu Primera 21K en 16 Semanas";desconocida;3123;0;OK;"reloj GPS, zapatillas competición, gel energético"
entrenamiento-fuerza-corredores;"Fuerza Runners: Rutina y Ejercicios 2026";desconocida;3107;0;OK;"bandas, kettlebells, mancuernas ajustables"
calendario-carreras-populares-2026;"Carreras Populares 2026 Espa&ntilde;a: Calendario Completo";desconocida;3070;1;OK;"(genéricos: reloj GPS, zapatillas, calcetines, gel energético)"
nike-vomero-18-review;"Nike Vomero 18 Review 2026: An&aacute;lisis Completo tras 300 km";desconocida;3067;20;OK;"(genéricos: reloj GPS, zapatillas, calcetines, gel energético)"
ropa-tecnica-running;"Ropa T&eacute;cnica Running 2026: Gu&iacute;a de Capas y Tejidos";desconocida;3066;10;OK;"(genéricos: reloj GPS, zapatillas, calcetines, gel energético)"
plan-media-maraton-sub-1-30;"Plan Media Maratón Sub 1h30: Entrenamiento de Alto Rendimiento 2026";desconocida;3025;0;OK;"reloj GPS, zapatillas competición, gel energético"
rodillo-vs-pistola-masaje-recuperacion;"Rodillo vs Pistola Masaje: Cu&aacute;l Comprar 2026";desconocida;2991;0;OK;"foam roller, pistola masaje, compresión"
empezar-a-correr-guia-principiantes;"Empezar a Correr desde Cero: Gu&iacute;a + Plan 2026";desconocida;2977;11;OK;"(genéricos: reloj GPS, zapatillas, calcetines, gel energético)"
mejores-multivitaminicos-runners;"8 Mejores Multivitam&iacute;nicos para Runners 2026";desconocida;2956;16;OK;"(genéricos: reloj GPS, zapatillas, calcetines, gel energético)"
mejores-zapatillas-placa-carbono;"10 Mejores Zapatillas Placa de Carbono 2026";desconocida;2848;0;OK;"geles, bebida isotónica, barritas"
mejores-zapatillas-running;"10 Mejores Zapatillas Running 2026: Gu&iacute;a Definitiva";desconocida;2794;10;OK;"(genéricos: reloj GPS, zapatillas, calcetines, gel energético)"
mejores-zapatillas-trail-running;"10 Mejores Zapatillas Trail Running 2026: An&aacute;lisis Profesional";desconocida;2723;27;OK;"zapatillas trail Salomon, chaleco hidratación, bastones"
primera-carrera-10k-consejos;"Tu Primera Carrera de 10K: 15 Consejos para no Arrepentirte el D&iacute;a D";desconocida;2714;0;OK;"reloj GPS, zapatillas competición, gel energético"
mejores-zapatillas-on-running;"10 Mejores Zapatillas On Running 2026";desconocida;2692;30;OK;"(genéricos: reloj GPS, zapatillas, calcetines, gel energético)"
correr-postparto-vuelta-al-running;"Volver a Correr Después del Parto: Plan Seguro de 8 Semanas (Guía 2026)";desconocida;2691;5;OK;"sujetador lactancia, faja postparto, bandas"
mejores-apps-running;"10 Mejores Apps para Correr 2026: An&aacute;lisis";desconocida;2664;4;OK;"(genéricos: reloj GPS, zapatillas, calcetines, gel energético)"
gafas-running;"8 Mejores Gafas Running 2026: Comparativa";desconocida;2635;0;OK;"Oakley, Julbo, Nike Windshield"
correr-con-alergia-primaveral;"Correr con Alergia Primaveral: Guía Completa para Runners (2026)";desconocida;2573;4;OK;"gafas wrap, buff, sprays nasales"
mejores-zapatillas-running-asfalto;"10 Mejores Zapatillas Running Asfalto 2026";desconocida;2545;10;OK;"(genéricos: reloj GPS, zapatillas, calcetines, gel energético)"
triatlon-para-runners-principiantes;"Triatl&oacute;n para Runners Principiantes 2026";desconocida;2544;17;OK;"(genéricos: reloj GPS, zapatillas, calcetines, gel energético)"
correr-en-invierno;"Correr en Invierno: Gu&iacute;a Completa 2026";desconocida;2455;0;OK;"cortavientos, térmica, impermeable"
mejores-bastones-trail-running;"10 Mejores Bastones Trail Running 2026";desconocida;2452;20;OK;"zapatillas trail Salomon, chaleco hidratación, bastones"
yoga-para-corredores;"Yoga para Corredores: 10 Posturas + Rutina 20 Min 2026";desconocida;2434;0;OK;"(genéricos: reloj GPS, zapatillas, calcetines, gel energético)"
ejercicios-fuerza-piernas-corredores;"Fuerza Piernas Corredores: 12 Ejercicios 2026";desconocida;2400;0;OK;"bandas, kettlebells, mancuernas ajustables"
volta-a-peu-valencia-2026;"Volta a Peu Valencia 2026: Guía Completa + Inscripción";desconocida;2371;0;OK;"(genéricos: reloj GPS, zapatillas, calcetines, gel energético)"
mejores-zapatillas-hyrox;"Mejores Zapatillas HYROX 2026: Comparativa";desconocida;2317;16;OK;"sandbag, kettlebell, wall ball"
cursa-de-la-merce-2026;"Cursa de la Mercè 2026 Barcelona: Fecha, Recorrido e Inscripción";desconocida;2289;8;OK;"(genéricos: reloj GPS, zapatillas, calcetines, gel energético)"
que-comer-antes-10k;"Qu&eacute; Comer Antes de Correr un 10K: Desayuno y Cena Previa";desconocida;2282;0;OK;"reloj GPS, zapatillas competición, gel energético"
psicologia-del-corredor;"Psicolog&iacute;a del Corredor: Motivaci&oacute;n y Muro Mental 2026";desconocida;2231;0;OK;"(genéricos: reloj GPS, zapatillas, calcetines, gel energético)"
dolor-rodilla-al-correr;"Dolor Rodilla al Correr: 6 Causas y Soluciones 2026";desconocida;2195;2;OK;"rodillera running, pistola masaje, foam roller"
zapatillas-10k;"Mejores Zapatillas para 10K 2026: Velocidad sin Sacrificar Comodidad";desconocida;2148;0;OK;"reloj GPS, zapatillas competición, gel energético"
salomon-speedcross-6-vs-hoka-speedgoat-6;"Speedcross 6 vs Speedgoat 6: Comparativa Trail 2026";desconocida;2119;4;OK;"zapatillas competición, reloj GPS"
volver-a-correr-tras-pausa-larga;"Volver a Correr Tras Pausa Larga: Plan 8 Semanas 2026";desconocida;2094;0;OK;"(genéricos: reloj GPS, zapatillas, calcetines, gel energético)"
plan-10k-sub-60-minutos;"Plan 10K Sub 60 Minutos en 8 Semanas: Gu&iacute;a Completa";desconocida;2081;0;OK;"reloj GPS, zapatillas competición, gel energético"
plan-maraton-sub-4-horas;"Plan Marat&oacute;n Sub 4 Horas en 16 Semanas 2026";desconocida;2052;10;OK;"reloj GPS, zapatillas competición, gel energético"
zapatillas-running-media-maraton;"Zapatillas Media Marat&oacute;n 2026: Top 7 para 21K";desconocida;2037;14;OK;"reloj GPS, zapatillas competición, gel energético"
agujetas-despues-de-correr;"Agujetas Despu&eacute;s de Correr: C&oacute;mo Aliviarlas R&aacute;pido";desconocida;2030;0;OK;"(genéricos: reloj GPS, zapatillas, calcetines, gel energético)"
entrenamiento-cruzado-running;"Entrenamiento Cruzado Running: Gu&iacute;a 2026";desconocida;2029;0;OK;"(genéricos: reloj GPS, zapatillas, calcetines, gel energético)"
mejores-garmin-running;"8 Mejores Relojes Garmin Running 2026";desconocida;2003;0;OK;"Garmin, COROS, Polar, reloj GPS"
plan-10k-sub-45-minutos;"Plan 10K Sub 45 Minutos en 10 Semanas: Para Runners Intermedios";desconocida;1968;0;OK;"reloj GPS, zapatillas competición, gel energético"
wall-ball-hyrox-comprar;"Wall Ball HYROX: 8 Mejores Balones Medicinales 2026";desconocida;1940;24;OK;"sandbag, kettlebell, wall ball"
como-elegir-reloj-gps-running;"Elegir Reloj GPS Running: Gu&iacute;a Completa 2026";desconocida;1925;0;OK;"Garmin, COROS, Polar, reloj GPS"
plan-media-maraton-sub-2-horas;"Plan Media Maratón Sub 2 Horas en 12 Semanas 2026";desconocida;1906;0;OK;"reloj GPS, zapatillas competición, gel energético"
mejores-recuperadores-running;"Recuperaci&oacute;n Muscular Running 2026: Gu&iacute;a Completa";desconocida;1903;0;OK;"foam roller, pistola masaje, compresión"
sandbag-lunges-hyrox;"Sandbag Lunges HYROX: 11 Mejores Sacos de Arena 2026";desconocida;1872;0;OK;"sandbag, kettlebell, wall ball"
navegacion-gps-trail-running;"Navegaci&oacute;n GPS Trail Running 2026: Relojes y Apps";desconocida;1859;4;OK;"Garmin, COROS, Polar, reloj GPS"
mejores-geles-energeticos-running;"Geles Energ&eacute;ticos Running 2026: Cu&aacute;ndo y Cu&aacute;ntos";desconocida;1857;0;OK;"(genéricos: reloj GPS, zapatillas, calcetines, gel energético)"
tapering-semana-previa-carrera;"Tapering Running: Semana Previa a la Carrera 2026";desconocida;1857;0;OK;"(genéricos: reloj GPS, zapatillas, calcetines, gel energético)"
asics-gel-nimbus-26-vs-nike-pegasus-41;"ASICS Nimbus 26 vs Nike Pegasus 41: Comparativa 2026";desconocida;1842;7;OK;"(genéricos: reloj GPS, zapatillas, calcetines, gel energético)"
kettlebells-farmer-carry-hyrox;"11 Mejores Kettlebells Farmer Carry HYROX 2026";desconocida;1838;0;OK;"sandbag, kettlebell, wall ball"
zapatillas-running-supinadores;"Zapatillas Running Supinadores: Gu&iacute;a y Modelos 2026";desconocida;1828;5;OK;"(genéricos: reloj GPS, zapatillas, calcetines, gel energético)"
ropa-media-maraton-que-llevar;"Qu&eacute; Ropa Llevar en una Media Marat&oacute;n: Equipaci&oacute;n Completa Seg&uacute;n el Tiemp";desconocida;1823;0;OK;"reloj GPS, zapatillas competición, gel energético"
mochilas-trail-running;"8 Mejores Mochilas Trail Running 2026";desconocida;1818;0;OK;"chaleco hidratación, soft flasks"
bidones-running;"10 Mejores Bidones para Running 2026: Gu&iacute;a";desconocida;1805;0;OK;"(genéricos: reloj GPS, zapatillas, calcetines, gel energético)"
core-para-runners;"Core para Runners: 10 Ejercicios + Rutina 2026";desconocida;1793;0;OK;"(genéricos: reloj GPS, zapatillas, calcetines, gel energético)"
geles-media-maraton;"Cuántos Geles Tomar en una Media Maratón: Guía Práctica 2026";desconocida;1782;0;OK;"reloj GPS, zapatillas competición, gel energético"
soft-flasks-running;"Soft Flask Running: 8 Mejores Bidones Blandos 2026";desconocida;1773;0;OK;"soft flask, cinturón, bidón frontal"
snacks-energeticos-running;"Snacks Energ&eacute;ticos Running: Los Mejores Probados 2026";desconocida;1765;0;OK;"(genéricos: reloj GPS, zapatillas, calcetines, gel energético)"
entrenar-skierg-row-hyrox;"SkiErg y Remo HYROX: T&eacute;cnica y Plan 2026";desconocida;1741;0;OK;"sandbag, kettlebell, wall ball"
nike-pegasus-41-vs-brooks-ghost-16;"Nike Pegasus 41 vs Brooks Ghost 16: Comparativa 2026";desconocida;1728;6;OK;"(genéricos: reloj GPS, zapatillas, calcetines, gel energético)"
primera-carrera-10k-guia;"Tu Primera Carrera de 10K: Guía Completa para Principiantes 2026";desconocida;1728;0;OK;"reloj GPS, zapatillas competición, gel energético"
mejores-bebidas-hidratacion-running;"10 Mejores Bebidas Deportivas para Maratón 2026";desconocida;1713;0;OK;"gel energético, isotónico polvo, barritas"
correr-por-la-noche-consejos;"Correr de Noche: 10 Consejos de Seguridad 2026";desconocida;1705;1;OK;"(genéricos: reloj GPS, zapatillas, calcetines, gel energético)"
como-elegir-zapatillas-running;"Elegir Zapatillas Running seg&uacute;n Pisada 2026";desconocida;1625;7;OK;"(genéricos: reloj GPS, zapatillas, calcetines, gel energético)"
hoka-clifton-10-vs-asics-novablast-5;"Hoka Clifton 10 vs Novablast 5: Review 2026";desconocida;1602;4;OK;"(genéricos: reloj GPS, zapatillas, calcetines, gel energético)"
hoka-clifton-9-vs-bondi-8;"Hoka Clifton 9 vs Bondi 8: Comparativa 2026";desconocida;1559;5;OK;"(genéricos: reloj GPS, zapatillas, calcetines, gel energético)"
nutricion-recuperacion-post-entreno;"Nutrici&oacute;n Post-Entreno Running 2026: Qu&eacute; Comer";desconocida;1482;0;OK;"foam roller, pistola masaje, compresión"
plan-maraton-sub-3-30;"Plan Marat&oacute;n Sub 3:30 en 16 Semanas 2026";desconocida;1442;0;OK;"reloj GPS, zapatillas competición, gel energético"
garmin-forerunner-265-vs-coros-pace-3;"Garmin 265 vs COROS PACE 3: Comparativa 2026";desconocida;1438;6;OK;"Garmin, COROS, Polar, reloj GPS"
zapatillas-running-pisada-neutra;"Mejores Zapatillas Running Pisada Neutra 2026: Top 7";desconocida;1364;14;OK;"(genéricos: reloj GPS, zapatillas, calcetines, gel energético)"
entrenamiento-series-fartlek;"Series y Fartlek Running: Gu&iacute;a Intervalos 2026";desconocida;1348;1;OK;"reloj GPS, pulsómetro, gel energético"
drop-zapatillas-running;"Drop Zapatillas Running: Qu&eacute; Es y Cu&aacute;l Elegir 2026";desconocida;1308;12;OK;"(genéricos: reloj GPS, zapatillas, calcetines, gel energético)"
mejores-calleras-crossfit;"10 Mejores Calleras CrossFit 2026: Comparativa";desconocida;1254;0;OK;"sandbag, kettlebell, wall ball"
zapatillas-deka-strong-atlas;"Zapatillas DEKA STRONG y ATLAS: Top Modelos 2026";desconocida;1243;9;OK;"sandbag, kettlebell, wall ball"
plan-entrenamiento-10k;"Plan Entrenamiento 10K: 8 Semanas Principiantes 2026";desconocida;1062;2;OK;"reloj GPS, zapatillas competición, gel energético"
nutricion-dia-de-carrera;"Nutrici&oacute;n D&iacute;a de Carrera 2026: Qu&eacute; Comer";desconocida;895;4;OK;"gel energético, isotónico polvo, barritas"