slug,lang,length,issues,title,meta
"categoria/entrenamiento/index",es,0,MISSING|DUPLICATE,"Redirigiendo a Entrenamiento",""
"categoria/index",es,0,MISSING|DUPLICATE,"",""
"motivacion-para-correr",es,0,MISSING|DUPLICATE,"Motivaci&oacute;n para Correr 2026: 10 Trucos Efectivos | CorrerJuntos",""
"no-tengo-con-quien-correr",es,0,MISSING|DUPLICATE,"No Tengo con Qui&eacute;n Correr: 5 Soluciones 2026 | CorrerJuntos",""
"running/mejores-zapatillas-empezar-correr-2026/index",es,0,MISSING|DUPLICATE,"Redirigiendo... | CorrerJuntos",""
"en/categoria/index",en,0,MISSING|DUPLICATE,"",""
"en/running/best-running-shoes-to-start-running-2026/index",en,0,MISSING|DUPLICATE,"Redirecting... | CorrerJuntos",""
"en/best-budget-running-shoes",en,3,TOO_SHORT,"Best Budget Running Shoes 2026 — Top Picks Under $100 | CorrerJuntos","Don"
"en/transition-running-to-triathlon",en,222,TOO_LONG,"How to Transition from Running to Triathlon: Guide for Runners 2026 | CorrerJuntos","Complete guide to transitioning from running to triathlon: formats, swimming, cycling, T1/T2 transitions, 16-week training plan, gear checklist and common mistakes. Everything runners need for their first sprint triathlon."
"en/runners-knee",en,11,TOO_SHORT,"Runner's Knee: Causes, Treatment &amp; Prevention 2026 | CorrerJuntos","Stop runner"
"en/best-womens-running-shoes",en,12,TOO_SHORT,"10 Best Women's Running Shoes 2026 Ranked | CorrerJuntos","Top 10 women"
"como-pasar-de-running-a-triatlon",es,213,TOO_LONG,"Cómo Pasar de Running a Triatlón: Guía de Transición para Runners 2026 | CorrerJuntos","Guía completa para pasar de running a triatlón: formatos, natación, ciclismo, transiciones T1/T2, plan de 16 semanas, material necesario y errores comunes. Todo para runners que quieren debutar en triatlón sprint."
"primera-carrera-10k-consejos",es,212,TOO_LONG,"Tu Primera Carrera de 10K: 15 Consejos para no Arrepentirte el D&iacute;a D | CorrerJuntos","Consejos pr&aacute;cticos para tu primera carrera de 10K: qu&eacute; llevar, c&oacute;mo salir, d&oacute;nde ir al ba&ntilde;o, c&oacute;mo colocarte en los cajones y qu&eacute; hacer si el nerviosismo te supera."
"sujetador-deportivo-running",es,211,TOO_LONG,"Los 10 Mejores Sujetadores Deportivos para Running 2026 (Guía Completa) | CorrerJuntos","Comparativa de 10 sujetadores deportivos para correr: Shock Absorber, Triumph, Under Armour, Nike, Reebok, Adidas, Amazon Essentials y más. Guía de tallas, niveles de impacto y cómo elegir según pecho y volumen."
"maraton-valencia-guia",es,210,TOO_LONG,"Marat&oacute;n Valencia 2026: Inscripci&oacute;n y Recorrido | CorrerJuntos","Gu&iacute;a Marat&oacute;n Valencia 2026: fecha, inscripci&oacute;n, recorrido plano, r&eacute;cords y preparaci&oacute;n. Descubre por qu&eacute; es el marat&oacute;n m&aacute;s r&aacute;pido de Espa&ntilde;a."
"que-comer-antes-media-maraton",es,205,TOO_LONG,"Qu&eacute; Comer Antes de una Media Marat&oacute;n: La Noche Antes y el D&iacute;a de la Carrera | CorrerJuntos","La gu&iacute;a definitiva de nutrici&oacute;n pre-carrera para media marat&oacute;n. Qu&eacute; comer la noche antes, el desayuno el d&iacute;a D seg&uacute;n la hora de salida y qu&eacute; evitar siempre."
"en/best-running-sports-bras",en,203,TOO_LONG,"The 10 Best Running Sports Bras 2026 (Complete Buying Guide) | CorrerJuntos","Comparison of 10 running sports bras: Shock Absorber, Triumph, Under Armour, Nike, Reebok, Adidas, Amazon Essentials and more. Size guide, impact levels and how to choose by cup size and training volume."
"cursa-de-la-merce-2026",es,172,TOO_LONG|GENERIC,"Cursa de la Mercè 2026 Barcelona: Fecha, Recorrido e Inscripción | CorrerJuntos","Guía completa de la Cursa de la Mercè 2026 en Barcelona. Fecha, recorrido, inscripción, cómo prepararte y todo lo que necesitas saber sobre la 10K más festiva de Catalunya."
"en/madrid-marathon-guide",en,29,TOO_SHORT,"Madrid Marathon 2026: Complete Guide — Registration, Course & Tips | CorrerJuntos","Everything about the EDP Rock"
"correr-postparto-vuelta-al-running",es,197,TOO_LONG,"Volver a Correr Después del Parto: Plan Seguro de 8 Semanas (Guía 2026) | CorrerJuntos","Plan completo para volver a correr tras el parto: cuándo es seguro empezar, test de diastasis de rectos, plan semana a semana, equipamiento esencial (faja, sujetador lactancia) y señales de alarma."
"correr-con-alergia-primaveral",es,196,TOO_LONG,"Correr con Alergia Primaveral: Guía Completa para Runners (2026) | CorrerJuntos","Guía completa para correr con alergia al polen en primavera. Horarios óptimos según AEMET, protocolo pre y post-entreno, mascarilla, gafas, antihistamínicos compatibles con deporte y cuándo parar."
"hidratacion-media-maraton",es,196,TOO_LONG,"Hidrataci&oacute;n en Media Marat&oacute;n: Cu&aacute;nto Beber y Cu&aacute;ndo para No Perder Tiempo ni Rendimiento | CorrerJuntos","Gu&iacute;a completa de hidrataci&oacute;n para media marat&oacute;n: cu&aacute;nto beber antes, durante y despu&eacute;s de la carrera, si debes caminar en los avituallamientos y errores comunes."
"en/best-running-apps",en,36,TOO_SHORT,"Best Running Apps in 2026 — Tested by Real Runners | CorrerJuntos","We tested 12 running apps so you don"
"ropa-media-maraton-que-llevar",es,192,TOO_LONG,"Qu&eacute; Ropa Llevar en una Media Marat&oacute;n: Equipaci&oacute;n Completa Seg&uacute;n el Tiempo | CorrerJuntos","Ropa ideal para correr una media marat&oacute;n: camiseta t&eacute;cnica, mallas, calcetines de compresi&oacute;n, c&oacute;mo vestirse seg&uacute;n temperatura y los errores que debes evitar."
"en/runner-diet-what-to-eat",en,38,TOO_SHORT,"Runner's Diet: What to Eat to Run Faster 2026 | CorrerJuntos","Fuel your runs with the perfect runner"
"mejores-zapatillas-trail-running",es,191,TOO_LONG,"10 Mejores Zapatillas Trail Running 2026: An&aacute;lisis Profesional | CorrerJuntos","Las 10 mejores zapatillas de trail running 2026 analizadas en profundidad. Hoka Speedgoat 6, Saucony Peregrine 16, Brooks Cascadia 19 y m&aacute;s. Con puntuaciones, specs y enlaces directos."
"equipamiento/mejores-bandas-frecuencia-cardiaca-running/index",es,188,TOO_LONG,"Las mejores bandas de pecho y brazaletes para medir la frecuencia cardíaca al correr (2026) | CorrerJuntos","Comparativa 2026 con las mejores bandas de pecho y brazaletes para medir la frecuencia cardíaca al correr. Entrena por zonas, mejora rendimiento y controla la intensidad con más precisión."
"sobreentrenamiento-running-sintomas",es,188,TOO_LONG,"Sobreentrenamiento Running: 12 S&iacute;ntomas + Plan de Recuperaci&oacute;n 2026 | CorrerJuntos","Descubre los 12 s&iacute;ntomas del sobreentrenamiento en running, c&oacute;mo diagnosticarlo con HRV y FC en reposo, y el plan de recuperaci&oacute;n completo para volver a correr seguro."
"como-preparar-primera-media-maraton",es,186,TOO_LONG,"C&oacute;mo Preparar tu Primera Media Marat&oacute;n 2026: Gu&iacute;a Completa | CorrerJuntos","Gu&iacute;a completa para preparar tu primera media marat&oacute;n en 2026. Plan de entrenamiento 12-16 semanas, nutrici&oacute;n, equipamiento, d&iacute;a de carrera y errores a evitar."
"empezar-a-correr-despues-de-los-60",es,186,TOO_LONG,"Empezar a Correr con 60 A&ntilde;os: Gu&iacute;a 2026 | CorrerJuntos","Gu&iacute;a completa para empezar a correr con 60 a&ntilde;os. Consejos reales de un corredor con 20 a&ntilde;os de experiencia. Plan de 8 semanas incluido. Descarga CorrerJuntos gratis."
"grupos-de-running-guia-completa",es,186,TOO_LONG,"Grupos de Running: Gu&iacute;a Completa para Encontrar tu Grupo Ideal en 2026 | CorrerJuntos","Todo sobre grupos de running: qu&eacute; tipos hay, c&oacute;mo elegir el mejor para ti, d&oacute;nde encontrarlos en tu ciudad y c&oacute;mo crear el tuyo. Gu&iacute;a actualizada 2026."
"vo2-max-running-como-mejorar",es,186,TOO_LONG,"VO2 Max Running: Qu&eacute; Es y C&oacute;mo Mejorar 2026 | CorrerJuntos","Descubre qu&eacute; es el VO2 Max, c&oacute;mo medirlo y c&oacute;mo mejorarlo con entrenamientos espec&iacute;ficos. Gu&iacute;a completa de un runner con 20 a&ntilde;os de experiencia."
"maraton-barcelona-guia",es,185,TOO_LONG,"Marat&oacute;n Barcelona 2026: Inscripci&oacute;n y Recorrido | CorrerJuntos","Gu&iacute;a Marat&oacute;n Barcelona 2026: fecha, inscripci&oacute;n, recorrido por Eixample y Montju&iuml;c, r&eacute;cords y consejos. Prep&aacute;rate para correrla con &eacute;xito."
"carreras-nocturnas-espana",es,182,TOO_LONG,"Carreras Nocturnas en España 2026: Calendario, Consejos y Mejores Eventos | CorrerJuntos","Calendario completo de carreras nocturnas en España 2026. Descubre los mejores eventos nocturnos, equipamiento esencial, consejos de seguridad y cómo prepararte para correr de noche."
"entrenamiento-series-fartlek",es,181,TOO_LONG,"Series y Fartlek Running: Gu&iacute;a Intervalos 2026 | CorrerJuntos","Series, fartlek y tempo runs: gu&iacute;a completa de intervalos para runners. Sesiones tipo, progresi&oacute;n y c&oacute;mo integrarlos en tu plan. Corre m&aacute;s r&aacute;pido."
"grupos-running-malaga",es,180,TOO_LONG,"Grupos de Running en M&aacute;laga 2026: Clubes y Quedadas | CorrerJuntos","Los mejores grupos de running en M&aacute;laga 2026. Clubes, quedadas gratuitas y rutas por el paseo mar&iacute;timo, Montes de M&aacute;laga y el centro hist&oacute;rico. Corre..."
"material-trail-running",es,179,TOO_LONG,"Material Trail Running 2026: Gu&iacute;a de Equipamiento | CorrerJuntos","Equipamiento esencial para trail running: zapatillas, mochilas, bastones, GPS y nutrici&oacute;n. Presupuesto por niveles desde 200&euro;. Prep&aacute;rate para la monta&ntilde;a."
"mejores-zapatillas-on-running",es,179,TOO_LONG,"10 Mejores Zapatillas On Running 2026 | CorrerJuntos","An&aacute;lisis de las 10 mejores zapatillas On Running de 2026. Comparativa con precios, caracter&iacute;sticas y opini&oacute;n de un corredor con 20 a&ntilde;os de experiencia."
"encontrar-runners-malaga",es,178,TOO_LONG,"Runners M&aacute;laga: Grupos y Rutas Running 2026 | CorrerJuntos","Encuentra runners en M&aacute;laga: grupos de running, rutas por el Paseo Mar&iacute;timo, Montes de M&aacute;laga y parkrun. &Uacute;nete a la comunidad runner malague&ntilde;a."
"zapatillas/mejores-zapatillas-empezar-correr-2026/index",es,177,TOO_LONG,"Las 10 mejores zapatillas para empezar a correr en 2026 | CorrerJuntos","Descubre las 10 mejores zapatillas para empezar a correr en 2026. Comparativa para runners principiantes con amortiguación, estabilidad, drop y recomendaciones claras de compra."
"ansiedad-pre-carrera",es,175,TOO_LONG,"Ansiedad Pre-Carrera: 8 T&eacute;cnicas que Funcionan | CorrerJuntos","Controla los nervios antes de competir con 8 t&eacute;cnicas probadas por psic&oacute;logos deportivos. Rinde al m&aacute;ximo el d&iacute;a de la carrera. Desc&uacute;brelas."
"asics-novablast-5-opinion",es,175,TOO_LONG,"ASICS Novablast 5 Opini&oacute;n 2026: An&aacute;lisis Completo tras 400 km | CorrerJuntos","ASICS Novablast 5 review tras 400 km de test: an&aacute;lisis de mediasuela FF BLAST MAX, suela AHAR+, upper, comparativa vs Clifton 10 y Pegasus 41. Puntuaci&oacute;n 8.7/10."
"nutricion-dia-de-carrera",es,175,TOO_LONG,"Nutrici&oacute;n D&iacute;a de Carrera 2026: Qu&eacute; Comer | CorrerJuntos","Qu&eacute; comer antes, durante y despu&eacute;s de una carrera: desayuno pre-carrera, geles y recuperaci&oacute;n para 5K, 10K y media marat&oacute;n. Rinde al m&aacute;ximo."
"plan-10k-sub-60-minutos",es,175,TOO_LONG,"Plan 10K Sub 60 Minutos en 8 Semanas: Gu&iacute;a Completa | CorrerJuntos","Plan de entrenamiento de 8 semanas para bajar de 60 minutos en 10K. Tabla semanal completa, ritmos por sesi&oacute;n, errores a evitar y estrategia de carrera el d&iacute;a D."
"grupos-running-bilbao",es,174,TOO_LONG,"Grupos de Running en Bilbao 2026: Clubes, Quedadas y Rutas | CorrerJuntos","Los mejores grupos de running en Bilbao 2026. Clubes, quedadas gratuitas y rutas por la R&iacute;a, Artxanda, Do&ntilde;a Casilda y Getxo. Corre acompa&ntilde;ado en Euskadi."
"nutricion-recuperacion-post-entreno",es,174,TOO_LONG,"Nutrici&oacute;n Post-Entreno Running 2026: Qu&eacute; Comer | CorrerJuntos","Qu&eacute; comer despu&eacute;s de correr: ventana de recuperaci&oacute;n, ratios de macros y recetas r&aacute;pidas para runners. Recup&eacute;rate m&aacute;s r&aacute;pido."
"cadencia-running-ideal",es,173,TOO_LONG,"Cadencia en Running: Cuál es la Ideal y Cómo Mejorarla 2026 | CorrerJuntos","Descubre cuál es tu cadencia ideal en running, por qué NO son 180 ppm para todos y cómo mejorarla paso a paso. Evidencia científica, tablas por ritmo y ejercicios prácticos."
"en/equipment/best-heart-rate-chest-straps-armbands-running/index",en,173,TOO_LONG,"Best chest straps and armbands to measure heart rate while running (2026) | CorrerJuntos","2026 comparison of the best chest straps and armbands for heart-rate tracking while running. Train by zones, improve performance, and control intensity with better accuracy."
"correr-embarazada-seguro",es,172,TOO_LONG,"Correr Embarazada: Gu&iacute;a Segura por Trimestre 2026 | CorrerJuntos","&iquest;Se puede correr durante el embarazo? Gu&iacute;a m&eacute;dica por trimestre con adaptaciones, se&ntilde;ales de alerta y ejercicios alternativos. Inf&oacute;rmate."
"en/how-to-start-running-beginners-guide",en,58,TOO_SHORT,"How to Start Running: Beginner's 8-Week Plan 2026 | CorrerJuntos","Start running from scratch with this step-by-step beginner"
"en/running-with-your-dog-canicross",en,58,TOO_SHORT,"Canicross: Running with Your Dog Guide 2026 | CorrerJuntos","Start canicross with your dog using this complete beginner"
"foam-rollers-runners",es,171,TOO_LONG,"7 Mejores Foam Rollers Running 2026 | CorrerJuntos","Ranking 7 mejores foam rollers para corredores: TriggerPoint, Blackroll, Hyperice y m&aacute;s. Gu&iacute;a de liberaci&oacute;n miofascial + rutina 10 min. Elige el tuyo."
"garmin-forerunner-265-vs-coros-pace-3",es,171,TOO_LONG,"Garmin 265 vs COROS PACE 3: Comparativa 2026 | CorrerJuntos","Garmin Forerunner 265 vs COROS PACE 3: GPS, bater&iacute;a, m&eacute;tricas y precio comparados. Cu&aacute;l es el mejor reloj running calidad-precio. Descubre al ganador."
"jbl-reflect-flow-pro-review",es,171,TOO_LONG,"JBL Reflect Flow Pro: Review Running 2026 | CorrerJuntos","An&aacute;lisis JBL Reflect Flow Pro para correr: ANC, IP68, ajuste PowerFin y 30h de bater&iacute;a. Pros, contras y veredicto para runners. Compra informada aqu&iacute;."
"plan-10k-sub-45-minutos",es,170,TOO_LONG,"Plan 10K Sub 45 Minutos en 10 Semanas: Para Runners Intermedios | CorrerJuntos","Plan de entrenamiento de 10 semanas para bajar de 45 minutos en 10K. Intervalos, tempos y rodajes de calidad para corredores con experiencia que quieren mejorar su marca."
"proteinas-para-runners",es,170,TOO_LONG,"Prote&iacute;nas para Runners: Cu&aacute;nta Necesitas en 2026 | CorrerJuntos","Prote&iacute;nas para corredores: cantidad diaria, timing &oacute;ptimo, mejores fuentes y suplementos. Recupera m&aacute;s r&aacute;pido con la prote&iacute;na adecuada."
"san-silvestre-vallecana-guia",es,170,TOO_LONG,"San Silvestre Vallecana 2026: Inscripci&oacute;n y Recorrido | CorrerJuntos","San Silvestre Vallecana 2026: fecha, inscripci&oacute;n, recorrido Bernab&eacute;u-Vallecas, categor&iacute;as y consejos. Prep&aacute;rate para la carrera de Nochevieja."
"cuanto-duran-zapatillas-running",es,169,TOO_LONG,"Duraci&oacute;n Zapatillas Running: Km y Se&ntilde;ales 2026 | CorrerJuntos","Cu&aacute;ntos km duran las zapatillas de running seg&uacute;n marca y modelo. Se&ntilde;ales de desgaste y trucos para alargar su vida &uacute;til. Comprueba las tuyas."
"grupos-correr-sevilla",es,169,TOO_LONG,"Grupos para Correr en Sevilla: Gu&iacute;a Completa 2026 | CorrerJuntos","Descubre los mejores grupos para correr en Sevilla en 2026: clubes, quedadas, parkrun y rutas por el Guadalquivir, Mar&iacute;a Luisa y Alamillo. Gu&iacute;a completa..."
"nutricion-trail-running",es,169,TOO_LONG,"Nutrici&oacute;n Trail Running 2026: Gu&iacute;a Completa | CorrerJuntos","Alimentaci&oacute;n para trail running: qu&eacute; comer antes, durante y despu&eacute;s en monta&ntilde;a. Hidrataci&oacute;n, geles y planificaci&oacute;n nutricional."
"zapatillas-10k",es,169,TOO_LONG,"Mejores Zapatillas para 10K 2026: Velocidad sin Sacrificar Comodidad | CorrerJuntos","Las mejores zapatillas para correr una carrera de 10K en 2026. Opciones para principiantes, intermedios y runners r&aacute;pidos con an&aacute;lisis y enlaces de compra."
"mejores-suplementos-runners",es,168,TOO_LONG,"Mejores Suplementos para Runners 2026: Creatina, Geles, Magnesio | CorrerJuntos","Guía completa de suplementos para corredores 2026. Creatina, magnesio, omega-3, geles, isotónicas y recuperadores. Qué funciona de verdad, cuándo tomarlo y qué comprar."
"nike-vomero-18-review",es,168,TOO_LONG,"Nike Vomero 18 Review 2026: An&aacute;lisis Completo tras 300 km | CorrerJuntos","Nike Vomero 18 review tras 300 km de test: an&aacute;lisis de mediasuela ZoomX, suela, upper, comparativa vs Nimbus 26, Clifton 10 y Ghost 16. Puntuaci&oacute;n 8.5/10."
"running-y-suelo-pelvico",es,168,TOO_LONG,"Running y Suelo Pélvico: Guía Completa para Corredoras 2026 | CorrerJuntos","Guía médica sobre suelo pélvico y running: ejercicios de fortalecimiento, prevención de incontinencia, vuelta postparto y adaptaciones al entrenamiento para corredoras."
"variabilidad-cardiaca-running",es,168,TOO_LONG,"HRV Running: Variabilidad Card&iacute;aca para Corredores 2026 | CorrerJuntos","HRV para runners: qu&eacute; es, c&oacute;mo medirla, interpretar datos y detectar sobreentrenamiento. Garmin, WHOOP y Oura comparados. Optimiza tu recuperaci&oacute;n."
"correr-antes-o-despues-de-comer",es,167,TOO_LONG,"Correr Antes o Despu&eacute;s de Comer: Gu&iacute;a 2026 | CorrerJuntos","&iquest;Correr en ayunas o despu&eacute;s de comer? Tiempos de espera, qu&eacute; comer antes y despu&eacute;s seg&uacute;n tu objetivo. Desc&uacute;brelo aqu&iacute;."
"correr-con-70-anos",es,167,TOO_LONG,"Correr con 70 Años: Guía Completa para Runners Senior 2026 | CorrerJuntos","Guía completa para correr después de los 70 años. Beneficios científicos, programa de 12 semanas, prevención de lesiones, nutrición y equipamiento para runners senior."
"correr-en-ayunas",es,167,TOO_LONG,"Correr en Ayunas 2026: Beneficios, Riesgos y C&oacute;mo Hacerlo Bien | CorrerJuntos","Correr en ayunas: 8 beneficios cient&iacute;ficos, 5 riesgos reales, protocolo seguro paso a paso y cu&aacute;ndo NO debes hacerlo. Gu&iacute;a completa con evidencia."
"duatlon-principiantes-guia",es,167,TOO_LONG,"Duatlón para Principiantes: Guía Completa para Runners 2026 | CorrerJuntos","Guía completa de duatlón para runners: formatos, material, plan de 12 semanas, transiciones, nutrición y calendario 2026. Todo lo que necesitas para tu primer duatlón."
"hidratacion-running-guia-completa",es,167,TOO_LONG,"Hidrataci&oacute;n Running 2026: Cu&aacute;nto Beber por Km | CorrerJuntos","Plan de hidrataci&oacute;n para corredores: cu&aacute;nto beber antes, durante y despu&eacute;s de correr, electrolitos y errores comunes. Optimiza tu rendimiento hoy."
"plan-maraton-sub-4-horas",es,167,TOO_LONG,"Plan Marat&oacute;n Sub 4 Horas en 16 Semanas 2026 | CorrerJuntos","Plan marat&oacute;n sub 4 horas de 16 semanas. Ritmos, sesiones clave y estrategia de carrera para corredores populares. Baja de las 4 horas con este plan paso a paso."
"running/como-empezar-a-correr-desde-cero/index",es,167,TOO_LONG,"Cómo empezar a correr desde cero (guía completa) | CorrerJuntos","Guía completa para empezar a correr desde cero en 2026: plan por semanas, consejos para evitar lesiones, equipamiento recomendado y claves para mantener la motivación."
"en/best-running-shoes-overweight",en,63,TOO_SHORT,"Best Running Shoes for Overweight Runners 2026 — Expert Picks | CorrerJuntos","Extra cushioning, stability and durability matter more when you"
"cuantas-calorias-se-queman-corriendo",es,166,TOO_LONG,"Calor&iacute;as Corriendo: Calculadora y Tablas 2026 | CorrerJuntos","Calcula cu&aacute;ntas calor&iacute;as quemas corriendo seg&uacute;n peso y ritmo. Tablas por km, comparativa deportes y trucos para quemar m&aacute;s. Calcula ahora."
"maraton-madrid-guia",es,166,TOO_LONG,"Marat&oacute;n Madrid 2026: Inscripci&oacute;n y Recorrido | CorrerJuntos","Gu&iacute;a Marat&oacute;n Madrid 2026: fecha, inscripci&oacute;n, recorrido por Castellana y Retiro, consejos de entrenamiento. Prep&aacute;rate para tu mejor marca."
"que-comer-despues-de-correr",es,166,TOO_LONG,"Qu&eacute; Comer Despu&eacute;s de Correr: Recupera en 30 Min | CorrerJuntos","Qu&eacute; comer despu&eacute;s de correr para recuperarte r&aacute;pido. Ratio carbos/prote&iacute;na, 10 snacks y plan seg&uacute;n distancia. Recupera como un pro."
"ritmo-10k-calculadora",es,166,TOO_LONG,"Calculadora de Ritmo 10K &mdash; Tiempo Objetivo a Paso por Kil&oacute;metro | CorrerJuntos","Calcula tu ritmo por kil&oacute;metro para el 10K seg&uacute;n tu tiempo objetivo. Conversor online de tiempo a min/km con tabla de referencia para todos los niveles."
"correr-durante-menopausia",es,165,TOO_LONG,"Correr y Menopausia: Gu&iacute;a Completa 2026 | CorrerJuntos","Descubre c&oacute;mo el running mejora los s&iacute;ntomas de la menopausia. Gu&iacute;a con plan adaptado, consejos m&eacute;dicos y beneficios reales. Empieza hoy."
"hierro-para-corredores",es,165,TOO_LONG,"Hierro para Corredores 2026: Evita la Anemia del Runner | CorrerJuntos","S&iacute;ntomas de anemia del runner, alimentos ricos en hierro, dosis recomendada y cu&aacute;ndo suplementar. Prev&eacute;n la deficiencia y mejora tu rendimiento."
"mejores-alimentos-para-runners",es,165,TOO_LONG,"20 Mejores Alimentos para Runners 2026 | CorrerJuntos","Alimentos esenciales para corredores por categor&iacute;a: carbohidratos, prote&iacute;nas, grasas y superalimentos. Incluye plan semanal. Mejora tu rendimiento hoy."
"periostitis-tibial-running",es,165,TOO_LONG,"Periostitis Tibial Running: Causas y Tratamiento 2026 | CorrerJuntos","Periostitis tibial en corredores: causas, s&iacute;ntomas, ejercicios y tratamiento del dolor de espinillas. Vuelve a correr sin dolor. Gu&iacute;a actualizada 2026."
"primera-quedada-running",es,165,TOO_LONG,"Primera Quedada Running: Qu&eacute; Llevar y C&oacute;mo Prepararte | CorrerJuntos","Primera quedada de running: qu&eacute; llevar, c&oacute;mo prepararte, etiqueta del grupo y consejos pr&aacute;cticos. Pierde el miedo y disfruta corriendo en grupo."
"recuperar-ganas-de-correr",es,165,TOO_LONG,"Recuperar Ganas de Correr: 7 Claves que Funcionan | CorrerJuntos","Recuperar las ganas de correr tras un par&oacute;n: plan progresivo, motivaci&oacute;n real y c&oacute;mo la comunidad runner te ayuda. Vuelve a disfrutar corriendo."
"running-social-revolucion-2026",es,165,TOO_LONG,"Running Social 2026: Por Qu&eacute; Correr en Grupo Arrasa | CorrerJuntos","Running social: la tendencia que transforma c&oacute;mo corremos en 2026. M&aacute;s motivaci&oacute;n, amistades y rendimiento. &Uacute;nete a la revoluci&oacute;n."
"agujetas-despues-de-correr",es,164,TOO_LONG,"Agujetas Despu&eacute;s de Correr: C&oacute;mo Aliviarlas R&aacute;pido | CorrerJuntos","Aprende por qu&eacute; aparecen las agujetas al correr, cu&aacute;nto duran y 5 m&eacute;todos probados para aliviarlas. Vuelve a entrenar antes. Desc&uacute;brelo."
"calentamiento-media-maraton",es,164,TOO_LONG,"Calentamiento para Media Marat&oacute;n: Rutina de 20 Minutos el D&iacute;a de la Carrera | CorrerJuntos","Rutina de calentamiento para media marat&oacute;n: cu&aacute;ndo empezar, ejercicios din&aacute;micos, movilidad y c&oacute;mo llegar a la salida listo para rendir."
"mejores-bebidas-hidratacion-running",es,164,TOO_LONG,"10 Mejores Bebidas Deportivas para Maratón 2026 | CorrerJuntos","Las mejores bebidas deportivas para maratón probadas: Maurten, Nuun, Tailwind y SiS comparadas por sodio, carbohidratos y sabor. Hidr&aacute;tate bien en los 42 km."
"mejores-geles-energeticos-running",es,164,TOO_LONG,"Geles Energ&eacute;ticos Running 2026: Cu&aacute;ndo y Cu&aacute;ntos | CorrerJuntos","Estrategia de geles en carrera: cu&aacute;ndo tomarlos, cu&aacute;ntos por distancia y c&oacute;mo evitar problemas digestivos. Plan por kil&oacute;metros incluido."
"que-comer-antes-10k",es,164,TOO_LONG,"Qu&eacute; Comer Antes de Correr un 10K: Desayuno y Cena Previa | CorrerJuntos","Qu&eacute; comer antes de una carrera de 10K: desayuno ideal, cena la noche antes, timing de ingesta y qu&eacute; alimentos evitar. Ejemplos de men&uacute;s reales."
"ritmo-media-maraton-calculadora",es,164,TOO_LONG,"Calculadora de Ritmo Media Marat&oacute;n: Tiempo Objetivo a Paso por Kil&oacute;metro | CorrerJuntos","Calculadora online para saber tu ritmo por kil&oacute;metro en media marat&oacute;n seg&uacute;n tu tiempo objetivo. Convierte horas y minutos a min/km al instante."
"zapatillas/index",es,66,TOO_SHORT,"Zapatillas | CorrerJuntos","Artículos y comparativas de zapatillas de running en CorrerJuntos."
"en/ideal-running-cadence",en,164,TOO_LONG,"Running Cadence: What's Ideal and How to Improve It 2026 | CorrerJuntos","Discover your ideal running cadence, why 180 spm is NOT universal, and how to improve it step by step. Scientific evidence, pace-based tables, and practical drills."
"apple-watch-running-review",es,163,TOO_LONG,"Apple Watch Running 2026: An&aacute;lisis para Corredores | CorrerJuntos","An&aacute;lisis completo del Apple Watch para running: GPS, puls&oacute;metro, apps y precisi&oacute;n real. &iquest;Merece la pena para correr? Desc&uacute;brelo."
"atletas-hibridos/index",es,67,TOO_SHORT,"Atletas híbridos | CorrerJuntos","Artículos para atletas híbridos: CrossFit, HYROX, fuerza y running."
"calendario-carreras-populares-2026",es,163,TOO_LONG,"Carreras Populares 2026 Espa&ntilde;a: Calendario Completo | CorrerJuntos","Calendario completo de carreras populares 2026 en Espa&ntilde;a. +30 carreras reales: maratones, medias, 10K y trail. Fechas, ciudades, distancias e inscripciones."
"como-respirar-al-correr",es,163,TOO_LONG,"Respirar al Correr: T&eacute;cnica Correcta 2026 | CorrerJuntos","Respiraci&oacute;n diafragm&aacute;tica, patrones r&iacute;tmicos 3:2 y 2:1, nariz vs boca y ejercicios pr&aacute;cticos para cada ritmo. Mejora tu t&eacute;cnica."
"coros-pace-3-review",es,163,TOO_LONG,"COROS PACE 3 Review 2026: Mejor GPS Calidad-Precio | CorrerJuntos","Review del COROS PACE 3: GPS dual-band, 38h bater&iacute;a y solo 39g. El reloj running con mejor relaci&oacute;n calidad-precio del a&ntilde;o. Desc&uacute;brelo."
"empezar-a-correr-despues-de-los-50",es,163,TOO_LONG,"Empezar a Correr a los 50: Gu&iacute;a Completa 2026 | CorrerJuntos","Gu&iacute;a para empezar a correr a los 50+: revisi&oacute;n m&eacute;dica, plan progresivo, cuidado articular y motivaci&oacute;n. Nunca es tarde para ser runner."
"mejores-zapatillas-running",es,163,TOO_LONG,"10 Mejores Zapatillas Running 2026: Gu&iacute;a Definitiva | CorrerJuntos","Zapatillas running 2026: asfalto, trail, principiantes y competici&oacute;n. An&aacute;lisis, precios y d&oacute;nde comprar en Espa&ntilde;a. Encuentra las tuyas."
"puedo-correr-todos-los-dias",es,163,TOO_LONG,"Correr Todos los D&iacute;as: Beneficios y Riesgos 2026 | CorrerJuntos","&iquest;Correr todos los d&iacute;as es bueno o malo? Beneficios, riesgos y cu&aacute;ntos d&iacute;as descansar. Evita el sobreentrenamiento con esta gu&iacute;a."
"volta-a-peu-valencia-2026",es,163,TOO_LONG,"Volta a Peu Valencia 2026: Guía Completa + Inscripción | CorrerJuntos","Todo sobre la Volta a Peu Valencia 2026: fechas, recorrido, inscripción, preparación y equipación recomendada. La guía definitiva para correr esta carrera popular."
"en/best-gps-running-watches",en,163,TOO_LONG,"8 Best GPS Running Watches 2026 — Full Comparison | CorrerJuntos","2026 comparison: Garmin Forerunner 265, COROS PACE 3, Apple Watch Ultra 2, Polar Pacer Pro and more. GPS accuracy, battery, metrics and price reviewed. Find yours."
"en/return-to-running-after-injury",en,163,TOO_LONG,"Return to Running After Injury: Safe Plan 2026 | CorrerJuntos","Follow this progressive comeback plan to safely return to running after injury. Avoid common mistakes and rebuild strength step by step. Start your recovery today."
"correr-en-cinta-vs-calle",es,162,TOO_LONG,"Cinta vs Calle: Diferencias para Corredores 2026 | CorrerJuntos","&iquest;Cinta o calle? Comparamos biomec&aacute;nica, quema cal&oacute;rica y articulaciones. Descubre qu&eacute; opci&oacute;n es mejor seg&uacute;n tu objetivo."
"ejercicios-fuerza-piernas-corredores",es,162,TOO_LONG,"Fuerza Piernas Corredores: 12 Ejercicios 2026 | CorrerJuntos","12 ejercicios de fuerza de piernas para runners: sentadillas, zancadas y pliometr&iacute;a. Con y sin peso, todos los niveles. A&ntilde;&aacute;delos a tu rutina."
"grupos-running-barcelona",es,162,TOO_LONG,"Grupos de Running en Barcelona: Los Mejores Grupos para Correr en 2026 | CorrerJuntos","Descubre los mejores grupos de running en Barcelona: quedadas gratuitas, clubs, rutas y c&oacute;mo encontrar corredores en tu zona. Gu&iacute;a actualizada 2026."
"mejores-bebidas-deportivas-maraton",es,162,TOO_LONG,"Las 8 Mejores Bebidas Deportivas para Maraton 2026 | CorrerJuntos","Las 8 mejores bebidas deportivas para maraton en 2026: Maurten, SIS, Gatorade, Isostar, 226ERS y mas. Comparativa con carbohidratos, electrolitos, sodio y precio."
"mejores-recuperadores-running",es,162,TOO_LONG,"Recuperaci&oacute;n Muscular Running 2026: Gu&iacute;a Completa | CorrerJuntos","Recuperaci&oacute;n post-carrera: qu&eacute; comer, cu&aacute;ndo, suplementos efectivos y rutina basada en evidencia. Recup&eacute;rate m&aacute;s r&aacute;pido."
"plan-entrenamiento-5k-sub-25",es,162,TOO_LONG,"Plan de Entrenamiento 5K Sub-25 Minutos: 8 Semanas para Bajar de 25:00 (2026) | CorrerJuntos","Plan de entrenamiento 5K sub-25 minutos en 8 semanas. 4 sesiones/semana con intervalos, tempo y rodaje. Ritmos, zonas y estrategia de carrera para bajar de 25:00."
"shokz-openrun-pro-2-review",es,162,TOO_LONG,"Shokz OpenRun Pro 2 Review: An&aacute;lisis Running 2026 | CorrerJuntos","Shokz OpenRun Pro 2 review tras 200+ km corriendo. Conducci&oacute;n &oacute;sea, 10h bater&iacute;a, IP55. Pros, contras y precio Amazon. &iquest;Merece la pena?"
"tapering-semana-previa-carrera",es,162,TOO_LONG,"Tapering Running: Semana Previa a la Carrera 2026 | CorrerJuntos","Tapering: c&oacute;mo reducir entrenamiento antes de carrera para rendir al m&aacute;ximo. Gu&iacute;a para 5K, 10K, media y marat&oacute;n. Llega en plena forma."
"correr-para-adelgazar",es,161,TOO_LONG,"Correr para Adelgazar: Plan 12 Semanas 2026 | CorrerJuntos","Plan de 12 semanas para perder peso corriendo basado en ciencia. Cu&aacute;nto correr, ritmo ideal, nutrici&oacute;n y errores a evitar. Descarga tu plan gratis."
"correr-y-gimnasio-mismo-dia",es,161,TOO_LONG,"Correr y Gimnasio el Mismo D&iacute;a: Gu&iacute;a 2026 | CorrerJuntos","C&oacute;mo combinar running y gimnasio el mismo d&iacute;a sin lesionarte. Orden ideal, descanso y prevenci&oacute;n del sobreentrenamiento. Optimiza tu rutina."
"cuantas-veces-semana-correr",es,161,TOO_LONG,"Cu&aacute;ntas Veces Correr a la Semana seg&uacute;n Nivel 2026 | CorrerJuntos","Frecuencia ideal para correr seg&uacute;n tu nivel: principiante, intermedio y avanzado. Planes ejemplo y se&ntilde;ales de sobreentrenamiento. Consulta tu plan."
"lamparas-frontales-running",es,161,TOO_LONG,"7 Mejores L&aacute;mparas Frontales Running 2026 | CorrerJuntos","Comparativa de frontales para correr de noche: Petzl, Black Diamond y m&aacute;s. L&uacute;menes, autonom&iacute;a, peso y precio. Encuentra la tuya aqu&iacute;."
"mejor-hora-para-correr",es,161,TOO_LONG,"Mejor Hora para Correr 2026: Ma&ntilde;ana vs Noche | CorrerJuntos","Ma&ntilde;ana o noche: qu&eacute; dice la ciencia sobre el ritmo circadiano, rendimiento y p&eacute;rdida de peso al correr. Encuentra tu hora ideal aqu&iacute;."
"mejores-colagenos-runners",es,161,TOO_LONG,"8 Mejores Col&aacute;genos para Runners 2026 | CorrerJuntos","Col&aacute;geno para corredores: Colnatur, Vital Proteins, HSN y m&aacute;s analizados. Protege articulaciones y mejora recuperaci&oacute;n. Compara aqu&iacute;."
"mejores-zapatillas-running-principiantes",es,161,TOO_LONG,"10 Mejores Zapatillas Running Principiantes 2026 | CorrerJuntos","Las 10 mejores zapatillas de running para principiantes en 2026: desde 70 hasta 160 euros. Comparativa con amortiguacion, drop, peso y precio. Encuentra la tuya."
"nutricion-para-runners",es,161,TOO_LONG,"Nutrici&oacute;n para Runners 2026: Gu&iacute;a Completa | CorrerJuntos","Qu&eacute; comer antes, durante y despu&eacute;s de correr: desayunos, snacks, hidrataci&oacute;n y errores comunes. Mejora tu rendimiento con la dieta correcta."
"en/duathlon-beginners-guide",en,161,TOO_LONG,"Duathlon for Beginners: Complete Guide for Runners 2026 | CorrerJuntos","Complete duathlon guide for runners: formats, gear, 12-week training plan, transitions, nutrition and race calendar. Everything you need for your first duathlon."
"en/how-to-avoid-stomach-issues-running",en,73,TOO_SHORT,"How to Avoid Stomach Issues While Running 2026 | CorrerJuntos","Stop stomach problems while running with these proven tips. Covers runner"
"en/iron-for-runners",en,98,TOO_SHORT,"Iron for Runners: Prevent Anemia Guide 2026 | CorrerJuntos","Spot iron deficiency symptoms, eat iron-rich foods and choose the right supplement. Prevent runner"
"entrenamiento/index",es,118,TOO_SHORT,"Entrenamiento Running | CorrerJuntos","Articulos y planes de entrenamiento running: maraton, media maraton, 10K y guias para corredores de todos los niveles."
"en/san-silvestre-vallecana-guide",en,118,TOO_SHORT,"San Silvestre Vallecana 2026: Guide &amp; Registration | CorrerJuntos","Everything you need for San Silvestre Vallecana 2026. Registration dates, route map, tips, and race-day logistics. Don"
"mejores-zapatillas-running-asfalto",es,150,GENERIC,"10 Mejores Zapatillas Running Asfalto 2026 | CorrerJuntos","Zapatillas running asfalto: Nike Pegasus, Hoka Clifton, ASICS Nimbus y Brooks Ghost comparadas. Env&iacute;o en Espa&ntilde;a. Compra al mejor precio."